"","Prior.COVID.infection.","timeCategory","variable","n","min","max","median","iqr","mean","sd","se","ci"
"1","No","Baseline","Age",19,28,65,39,10,42.053,9.577,2.197,4.616
"2","No","Baseline","binding_IgA_S1",9,25,25,25,0,25,0,0,0
"3","No","Baseline","binding_IgG_N",9,50,50,50,0,50,0,0,0
"4","No","Baseline","binding_IgG_S1",12,25,25,25,0,25,0,0,0
"5","No","Baseline","CD19_.CD21lo_FreqParent",18,0.9,46.1,2.7,2.102,5.337,10.266,2.42,5.105
"6","No","Baseline","CD19_.CD27..CD38..CD138._FreqParent",18,8.08,40.7,23.5,11.05,22.954,8.857,2.088,4.405
"7","No","Baseline","CD19_.CD27..CD38._FreqParent",18,0.025,0.37,0.16,0.17,0.159,0.108,0.025,0.054
"8","No","Baseline","CD19_.IgD..CD71..ActivBCells_FreqParent",18,72.9,93.5,89,11.375,85.778,6.689,1.577,3.326
"9","No","Baseline","CD19_.IgD..CD71..CD20.CD38._FreqParent",18,0,19.5,2.955,5.29,5.313,4.86,1.146,2.417
"10","No","Baseline","CD19_.IgD..CD71._FreqParent",18,0.15,4.16,0.88,0.877,1.122,0.918,0.216,0.457
"11","No","Baseline","CD19_.Naive.B_FreqParent",18,18.3,45.1,36.95,10.7,34.356,8.132,1.917,4.044
"12","No","Baseline","CD19_.Nonnaive.B.Tbet..CD11C._FreqParent",18,0.15,3.47,1.795,1.457,1.819,0.975,0.23,0.485
"13","No","Baseline","CD19_.Nonnaive.B_FreqParent",18,32.9,78.3,52.6,15,51.544,12.313,2.902,6.123
"14","No","Baseline","CD19__FreqParent",18,5.77,27.3,9.63,9.217,12.677,6.699,1.579,3.331
"15","No","Baseline","CD3__FreqParent",18,45.9,80.5,64.35,16.95,63.339,10.871,2.562,5.406
"16","No","Baseline","CD4_.CD38.Ki67..Foxp3._FreqParent",18,19.7,55.2,34.15,10.45,33.433,9.506,2.241,4.727
"17","No","Baseline","CD4_.CD38.Ki67..GzmB..CD4_FreqParent",18,0,40.3,6.75,6.065,8.318,9.196,2.168,4.573
"18","No","Baseline","CD4_.CD38.Ki67._FreqParent",18,0.001,1.33,0.41,0.636,0.442,0.373,0.088,0.186
"19","No","Baseline","CD4_.HLADR.CD38._FreqParent",18,0.16,0.81,0.37,0.225,0.379,0.171,0.04,0.085
"20","No","Baseline","CD4_.Naive_FreqParent",18,5.05,27.1,15.45,5.975,15.724,6.188,1.458,3.077
"21","No","Baseline","CD4_.Nonnaive.cTfh.ICOS..CD38...CXCR3._FreqParent",18,0,30.2,7.11,12.285,9.422,8.288,1.954,4.122
"22","No","Baseline","CD4_.Nonnaive.cTfh.ICOS..CD38.._FreqParent",18,1.5,12.7,3.91,2.717,4.523,2.62,0.618,1.303
"23","No","Baseline","CD4_.Nonnaive.cTfh_FreqParent",18,0.85,12.1,5.12,2.775,5.357,2.71,0.639,1.348
"24","No","Baseline","CD4_.Nonnaive_FreqParent",18,59.7,93.5,78.8,17.6,75.978,10.252,2.416,5.098
"25","No","Baseline","CD4__FreqParent",18,40.2,69.5,51.35,12.55,53.717,8.424,1.985,4.189
"26","No","Baseline","CD8_.CD38.Ki67..GzmB..CD8_FreqParent",18,13.4,87.5,49,21,47.989,18.276,4.308,9.089
"27","No","Baseline","CD8_.CD38.Ki67._FreqParent",18,0.004,0.56,0.175,0.267,0.203,0.166,0.039,0.083
"28","No","Baseline","CD8_.HLADR.CD38._FreqParent",18,0.086,1.27,0.5,0.437,0.565,0.341,0.08,0.169
"29","No","Baseline","CD8_.Naive.CD8_FreqParent",18,0.6,45.8,20,18.92,19.964,12.643,2.98,6.287
"30","No","Baseline","CD8_.Nonnaive.CD8_FreqParent",18,51.1,99.1,77.1,20.675,78.044,13.58,3.201,6.753
"31","No","Baseline","CD8__FreqParent",18,11.8,42.2,30.55,9.65,30.178,8.408,1.982,4.181
"32","No","Baseline","CXCL13",9,8.34,54.1,23.6,25.8,25.627,15.921,5.307,12.238
"33","No","Baseline","DPV",19,-6,1,-1,3,-1.789,2.371,0.544,1.143
"34","No","Baseline","FC_Elispot_IgG_S1",6,2,Inf,Inf,NA,Inf,NA,NA,NA
"35","No","Baseline","FC_IgG_S1_postVax1",12,0.93,82.25,3.235,5.201,11.964,23.597,6.812,14.993
"36","No","Baseline","FC_IgG_S1_postVax2",12,1.435,31.643,9.827,7.949,11.043,8.593,2.481,5.46
"37","No","Baseline","FCActivCD4_Vax1",18,0.534,446.281,1.867,10.101,35.038,104.819,24.706,52.125
"38","No","Baseline","FCActivCD4_Vax2",18,0.22,2.333,1.352,0.771,1.363,0.589,0.139,0.293
"39","No","Baseline","FCActivCD8_Vax1",18,0.571,125.683,1.709,9.569,12.091,29.045,6.846,14.444
"40","No","Baseline","FCActivCD8_Vax2",18,0.139,9.812,2.605,1.895,2.922,2.157,0.509,1.073
"41","No","Baseline","FCPB_Vax1",18,0.332,6.226,1.441,1.34,1.73,1.436,0.339,0.714
"42","No","Baseline","FCPB_Vax2",18,0.279,3.875,1.264,1.026,1.319,0.875,0.206,0.435
"43","No","Baseline","FCtfh_CXCR3_fullResp",17,0.504,Inf,3.574,2.926,Inf,NA,NA,NA
"44","No","Baseline","FCtfh_CXCR3_Vax1",18,0.26,Inf,2.279,4.777,Inf,NA,NA,NA
"45","No","Baseline","FCtfh_CXCR3_Vax2",18,0.198,5.075,1.003,0.975,1.461,1.296,0.305,0.644
"46","No","Baseline","FCtfh_Vax1",18,0.35,3.896,1.327,0.787,1.477,0.815,0.192,0.405
"47","No","Baseline","FCtfh_Vax2",18,0.683,2.841,1.299,0.664,1.388,0.492,0.116,0.245
"48","No","Baseline","IC50_neutAb_log10",5,10,10,10,0,10,0,0,0
"49","No","Baseline","Live.CD16..CD14._FreqParent",18,62.9,88.4,77.45,8.925,76.211,6.637,1.564,3.301
"50","No","Baseline","V1",19,-6,1,-1,3,-1.789,2.371,0.544,1.143
"51","No","Baseline","V2",19,7,10,7,1,7.684,0.946,0.217,0.456
"52","No","Baseline","V3",19,14,28,21,2,20.368,3.37,0.773,1.624
"53","No","Baseline","V4",19,21,49,29,3,30.105,5.877,1.348,2.833
"54","No","Baseline","V5",17,29,68,50,3,48.647,8.853,2.147,4.552
"55","No","Baseline","V6",2,36,50,43,7,43,9.899,7,88.943
"56","No","Baseline","V7",1,50,50,50,0,50,NA,NA,NA
"57","No","Post 1st dose","Age",19,28,65,39,10,42.053,9.577,2.197,4.616
"58","No","Post 1st dose","binding_IgA_S1",10,25,262,25,0,56.841,76.491,24.189,54.719
"59","No","Post 1st dose","binding_IgG_S1",12,23.256,2056.258,80.886,130.018,299.112,589.931,170.298,374.824
"60","No","Post 1st dose","CD19_.CD21lo_FreqParent",19,0.5,8.44,2.06,2.455,2.726,1.883,0.432,0.907
"61","No","Post 1st dose","CD19_.CD27..CD38..CD138._FreqParent",19,5.07,63.6,38.5,11.75,38.498,13.532,3.105,6.522
"62","No","Post 1st dose","CD19_.CD27..CD38._FreqParent",19,0.064,0.66,0.12,0.133,0.201,0.169,0.039,0.081
"63","No","Post 1st dose","CD19_.IgD..CD71..ActivBCells_FreqParent",19,49.4,95.7,89.1,8.5,84.621,12.242,2.809,5.901
"64","No","Post 1st dose","CD19_.IgD..CD71..CD20.CD38._FreqParent",19,0.65,41.9,5.38,7.69,8.238,9.763,2.24,4.706
"65","No","Post 1st dose","CD19_.IgD..CD71._FreqParent",19,0.12,4.47,1.19,0.83,1.348,0.965,0.221,0.465
"66","No","Post 1st dose","CD19_.Naive.B_FreqParent",19,22.8,47.2,40.1,12.35,37.932,7.399,1.697,3.566
"67","No","Post 1st dose","CD19_.Nonnaive.B.Tbet..CD11C._FreqParent",19,0.62,5.19,1.64,1.49,2.046,1.325,0.304,0.638
"68","No","Post 1st dose","CD19_.Nonnaive.B_FreqParent",19,31.7,74,49.2,14.35,48.184,11.296,2.591,5.445
"69","No","Post 1st dose","CD19__FreqParent",19,5.17,23.9,12.2,6.075,12.768,5.407,1.241,2.606
"70","No","Post 1st dose","CD3__FreqParent",19,60.6,83.6,69.4,8.8,68.963,6.19,1.42,2.984
"71","No","Post 1st dose","CD4_.CD38.Ki67..Foxp3._FreqParent",19,14,44.1,26.8,9.1,27.363,6.774,1.554,3.265
"72","No","Post 1st dose","CD4_.CD38.Ki67..GzmB..CD4_FreqParent",19,0.28,19.7,4.82,5.17,6.095,5.013,1.15,2.416
"73","No","Post 1st dose","CD4_.CD38.Ki67._FreqParent",19,0.52,1.57,0.81,0.35,0.872,0.294,0.067,0.142
"74","No","Post 1st dose","CD4_.HLADR.CD38._FreqParent",19,0.14,1.05,0.44,0.35,0.481,0.257,0.059,0.124
"75","No","Post 1st dose","CD4_.Naive_FreqParent",19,6.5,30.1,19.1,10.75,19.483,6.613,1.517,3.187
"76","No","Post 1st dose","CD4_.Nonnaive.cTfh.ICOS..CD38...CXCR3._FreqParent",19,4.52,45.2,18.6,9.05,18.965,9.687,2.222,4.669
"77","No","Post 1st dose","CD4_.Nonnaive.cTfh.ICOS..CD38.._FreqParent",19,1.7,10.7,5.01,3.575,5.636,2.383,0.547,1.149
"78","No","Post 1st dose","CD4_.Nonnaive.cTfh_FreqParent",19,3.78,16.2,6.49,2.61,6.823,2.868,0.658,1.382
"79","No","Post 1st dose","CD4_.Nonnaive_FreqParent",19,45,91.5,68.1,15.6,68.863,12.009,2.755,5.788
"80","No","Post 1st dose","CD4__FreqParent",19,39.7,79.6,58.1,15.95,57.705,10.62,2.436,5.119
"81","No","Post 1st dose","CD8_.CD38.Ki67..GzmB..CD8_FreqParent",19,10.7,86.8,42.9,28.45,46.795,20.176,4.629,9.725
"82","No","Post 1st dose","CD8_.CD38.Ki67._FreqParent",19,0.15,0.98,0.4,0.26,0.444,0.232,0.053,0.112
"83","No","Post 1st dose","CD8_.HLADR.CD38._FreqParent",19,0.19,1.97,0.48,0.425,0.635,0.505,0.116,0.244
"84","No","Post 1st dose","CD8_.Naive.CD8_FreqParent",19,1.39,51.9,26.2,21.85,25.153,13.498,3.097,6.506
"85","No","Post 1st dose","CD8_.Nonnaive.CD8_FreqParent",19,45.7,98,72,23.4,71.805,14.611,3.352,7.042
"86","No","Post 1st dose","CD8__FreqParent",19,16.2,48.6,30.1,7.9,31.158,7.781,1.785,3.75
"87","No","Post 1st dose","CXCL13",9,14.7,37.9,23.9,10.6,24.556,8.631,2.877,6.634
"88","No","Post 1st dose","DPV",19,7,10,7,1,7.684,0.946,0.217,0.456
"89","No","Post 1st dose","Elispot_IgA_RBD",9,0,2.96,0,2.96,1.316,1.56,0.52,1.199
"90","No","Post 1st dose","Elispot_IgA_S1",9,0,0,0,0,0,0,0,0
"91","No","Post 1st dose","Elispot_IgA_S2",9,0,44.44,2.96,5.93,8.559,14.243,4.748,10.948
"92","No","Post 1st dose","Elispot_IgG_RBD",9,0,11.85,0,2.96,2.633,4.042,1.347,3.107
"93","No","Post 1st dose","Elispot_IgG_S1",9,0,26.67,0,2.96,5.268,9.915,3.305,7.621
"94","No","Post 1st dose","Elispot_IgG_S2",9,0,80,5.93,8.89,13.827,25.229,8.41,19.393
"95","No","Post 1st dose","Elispot_IgM_RBD",9,0,8.89,0,2.96,1.646,3.004,1.001,2.309
"96","No","Post 1st dose","Elispot_IgM_S1",9,0,2.96,0,2.96,1.316,1.56,0.52,1.199
"97","No","Post 1st dose","Elispot_IgM_S2",9,0,8.89,0,5.93,2.963,3.92,1.307,3.014
"98","No","Post 1st dose","FC_Elispot_IgG_S1",6,2,Inf,Inf,NA,Inf,NA,NA,NA
"99","No","Post 1st dose","FC_IgG_S1_postVax1",12,0.93,82.25,3.235,5.201,11.964,23.597,6.812,14.993
"100","No","Post 1st dose","FC_IgG_S1_postVax2",12,1.435,31.643,9.827,7.949,11.043,8.593,2.481,5.46
"101","No","Post 1st dose","FCActivCD4_Vax1",18,0.534,446.281,1.867,10.101,35.038,104.819,24.706,52.125
"102","No","Post 1st dose","FCActivCD4_Vax2",18,0.22,2.333,1.352,0.771,1.363,0.589,0.139,0.293
"103","No","Post 1st dose","FCActivCD8_Vax1",18,0.571,125.683,1.709,9.569,12.091,29.045,6.846,14.444
"104","No","Post 1st dose","FCActivCD8_Vax2",18,0.139,9.812,2.605,1.895,2.922,2.157,0.509,1.073
"105","No","Post 1st dose","FCPB_Vax1",18,0.332,6.226,1.441,1.34,1.73,1.436,0.339,0.714
"106","No","Post 1st dose","FCPB_Vax2",18,0.279,3.875,1.264,1.026,1.319,0.875,0.206,0.435
"107","No","Post 1st dose","FCtfh_CXCR3_fullResp",17,0.504,Inf,3.574,2.926,Inf,NA,NA,NA
"108","No","Post 1st dose","FCtfh_CXCR3_Vax1",18,0.26,Inf,2.279,4.777,Inf,NA,NA,NA
"109","No","Post 1st dose","FCtfh_CXCR3_Vax2",18,0.198,5.075,1.003,0.975,1.461,1.296,0.305,0.644
"110","No","Post 1st dose","FCtfh_Vax1",18,0.35,3.896,1.327,0.787,1.477,0.815,0.192,0.405
"111","No","Post 1st dose","FCtfh_Vax2",18,0.683,2.841,1.299,0.664,1.388,0.492,0.116,0.245
"112","No","Post 1st dose","IC50_neutAb_log10",5,10,15.89,10,0,11.178,2.634,1.178,3.271
"113","No","Post 1st dose","Live.CD16..CD14._FreqParent",19,63.3,88.6,80.6,10.4,80.489,7.205,1.653,3.472
"114","No","Post 1st dose","V1",19,-6,1,-1,3,-1.789,2.371,0.544,1.143
"115","No","Post 1st dose","V2",19,7,10,7,1,7.684,0.946,0.217,0.456
"116","No","Post 1st dose","V3",19,14,28,21,2,20.368,3.37,0.773,1.624
"117","No","Post 1st dose","V4",19,21,49,29,3,30.105,5.877,1.348,2.833
"118","No","Post 1st dose","V5",17,29,68,50,3,48.647,8.853,2.147,4.552
"119","No","Post 1st dose","V6",2,36,50,43,7,43,9.899,7,88.943
"120","No","Post 1st dose","V7",1,50,50,50,0,50,NA,NA,NA
"121","No","two Weeks","Age",2,38,39,38.5,0.5,38.5,0.707,0.5,6.353
"122","No","two Weeks","Avidity",2,32.604,42.508,37.556,4.952,37.556,7.003,4.952,62.92
"123","No","two Weeks","binding_IgA_S1",1,111.504,111.504,111.504,0,111.504,NA,NA,NA
"124","No","two Weeks","binding_IgG_S1",2,28756.555,72539.306,50647.93,21891.375,50647.93,30959.08,21891.375,278156.298
"125","No","two Weeks","CD19_.CD21lo_FreqParent",2,2.07,2.71,2.39,0.32,2.39,0.453,0.32,4.066
"126","No","two Weeks","CD19_.CD27..CD38..CD138._FreqParent",2,30.9,38.6,34.75,3.85,34.75,5.445,3.85,48.919
"127","No","two Weeks","CD19_.CD27..CD38._FreqParent",2,0.12,0.21,0.165,0.045,0.165,0.064,0.045,0.572
"128","No","two Weeks","CD19_.IgD..CD71..ActivBCells_FreqParent",2,90.5,92.6,91.55,1.05,91.55,1.485,1.05,13.342
"129","No","two Weeks","CD19_.IgD..CD71..CD20.CD38._FreqParent",2,2.17,3.45,2.81,0.64,2.81,0.905,0.64,8.132
"130","No","two Weeks","CD19_.IgD..CD71._FreqParent",2,0.77,1.27,1.02,0.25,1.02,0.354,0.25,3.177
"131","No","two Weeks","CD19_.Naive.B_FreqParent",2,30.3,42.1,36.2,5.9,36.2,8.344,5.9,74.967
"132","No","two Weeks","CD19_.Nonnaive.B.Tbet..CD11C._FreqParent",2,0.82,2.19,1.505,0.685,1.505,0.969,0.685,8.704
"133","No","two Weeks","CD19_.Nonnaive.B_FreqParent",2,49.5,65.8,57.65,8.15,57.65,11.526,8.15,103.556
"134","No","two Weeks","CD19__FreqParent",2,11.7,12.8,12.25,0.55,12.25,0.778,0.55,6.988
"135","No","two Weeks","CD3__FreqParent",2,63.7,66.5,65.1,1.4,65.1,1.98,1.4,17.789
"136","No","two Weeks","CD4_.CD38.Ki67..Foxp3._FreqParent",2,14.7,20.8,17.75,3.05,17.75,4.313,3.05,38.754
"137","No","two Weeks","CD4_.CD38.Ki67..GzmB..CD4_FreqParent",2,1.52,3.36,2.44,0.92,2.44,1.301,0.92,11.69
"138","No","two Weeks","CD4_.CD38.Ki67._FreqParent",2,0.56,0.67,0.615,0.055,0.615,0.078,0.055,0.699
"139","No","two Weeks","CD4_.HLADR.CD38._FreqParent",2,0.16,0.24,0.2,0.04,0.2,0.057,0.04,0.508
"140","No","two Weeks","CD4_.Naive_FreqParent",2,19.6,26.3,22.95,3.35,22.95,4.738,3.35,42.566
"141","No","two Weeks","CD4_.Nonnaive.cTfh.ICOS..CD38...CXCR3._FreqParent",2,18.2,31.6,24.9,6.7,24.9,9.475,6.7,85.132
"142","No","two Weeks","CD4_.Nonnaive.cTfh.ICOS..CD38.._FreqParent",2,3.65,8.12,5.885,2.235,5.885,3.161,2.235,28.398
"143","No","two Weeks","CD4_.Nonnaive.cTfh_FreqParent",2,5.88,6.2,6.04,0.16,6.04,0.226,0.16,2.033
"144","No","two Weeks","CD4_.Nonnaive_FreqParent",2,46.4,56.7,51.55,5.15,51.55,7.283,5.15,65.437
"145","No","two Weeks","CD4__FreqParent",2,56.3,61.2,58.75,2.45,58.75,3.465,2.45,31.13
"146","No","two Weeks","CD8_.CD38.Ki67..GzmB..CD8_FreqParent",2,29.8,64.5,47.15,17.35,47.15,24.537,17.35,220.453
"147","No","two Weeks","CD8_.CD38.Ki67._FreqParent",2,0.19,0.56,0.375,0.185,0.375,0.262,0.185,2.351
"148","No","two Weeks","CD8_.HLADR.CD38._FreqParent",2,0.25,0.7,0.475,0.225,0.475,0.318,0.225,2.859
"149","No","two Weeks","CD8_.Naive.CD8_FreqParent",2,27.7,46.5,37.1,9.4,37.1,13.294,9.4,119.438
"150","No","two Weeks","CD8_.Nonnaive.CD8_FreqParent",2,50.5,70.1,60.3,9.8,60.3,13.859,9.8,124.521
"151","No","two Weeks","CD8__FreqParent",2,31.2,35,33.1,1.9,33.1,2.687,1.9,24.142
"152","No","two Weeks","DPV",2,14,14,14,0,14,0,0,0
"153","No","two Weeks","FC_IgG_S1_postVax1",2,1,82.25,41.625,40.625,41.625,57.453,40.625,516.192
"154","No","two Weeks","FC_IgG_S1_postVax2",2,1.435,1.742,1.589,0.153,1.589,0.217,0.153,1.949
"155","No","two Weeks","FCActivCD4_Vax1",2,1.681,86.207,43.944,42.263,43.944,59.769,42.263,537.003
"156","No","two Weeks","FCActivCD4_Vax2",2,0.632,0.663,0.648,0.016,0.648,0.022,0.016,0.2
"157","No","two Weeks","FCActivCD8_Vax1",2,1.333,22.222,11.778,10.444,11.778,14.771,10.444,132.709
"158","No","two Weeks","FCActivCD8_Vax2",2,2.133,3.449,2.791,0.658,2.791,0.931,0.658,8.36
"159","No","two Weeks","FCPB_Vax1",2,0.4,1.438,0.919,0.519,0.919,0.734,0.519,6.591
"160","No","two Weeks","FCPB_Vax2",2,0.647,1.625,1.136,0.489,1.136,0.692,0.489,6.213
"161","No","two Weeks","FCtfh_CXCR3_fullResp",2,1.974,Inf,Inf,NA,Inf,NA,NA,NA
"162","No","two Weeks","FCtfh_CXCR3_Vax1",2,8.306,Inf,Inf,NA,Inf,NA,NA,NA
"163","No","two Weeks","FCtfh_CXCR3_Vax2",2,0.199,0.89,0.544,0.346,0.544,0.489,0.346,4.393
"164","No","two Weeks","FCtfh_Vax1",2,0.96,1.807,1.384,0.423,1.384,0.598,0.423,5.376
"165","No","two Weeks","FCtfh_Vax2",2,1,1.259,1.13,0.13,1.13,0.183,0.13,1.646
"166","No","two Weeks","IC50_neutAb_log10",1,136.4,136.4,136.4,0,136.4,NA,NA,NA
"167","No","two Weeks","Live.CD16..CD14._FreqParent",2,84.7,87.9,86.3,1.6,86.3,2.263,1.6,20.33
"168","No","two Weeks","V1",2,-6,0,-3,3,-3,4.243,3,38.119
"169","No","two Weeks","V2",2,7,9,8,1,8,1.414,1,12.706
"170","No","two Weeks","V3",2,14,14,14,0,14,0,0,0
"171","No","two Weeks","V4",2,21,22,21.5,0.5,21.5,0.707,0.5,6.353
"172","No","two Weeks","V5",2,29,29,29,0,29,0,0,0
"173","No","two Weeks","V6",2,36,50,43,7,43,9.899,7,88.943
"174","No","two Weeks","V7",1,50,50,50,0,50,NA,NA,NA
"175","No","Pre 2nd dose","Age",19,28,65,39,10,42.053,9.577,2.197,4.616
"176","No","Pre 2nd dose","Avidity",7,14.379,50.899,37.255,14.102,36.297,12.627,4.772,11.678
"177","No","Pre 2nd dose","binding_IgA_S1",10,298.882,32972.295,706.212,3221.521,5782.142,10720.841,3390.228,7669.227
"178","No","Pre 2nd dose","binding_IgG_N",2,50,50,50,0,50,0,0,0
"179","No","Pre 2nd dose","binding_IgG_S1",12,5895.735,518227.877,28994.664,50272.215,80882.362,144435.203,41694.852,91769.75
"180","No","Pre 2nd dose","CD19_.CD21lo_FreqParent",19,0.73,8.96,2.6,2.49,3.242,2.06,0.473,0.993
"181","No","Pre 2nd dose","CD19_.CD27..CD38..CD138._FreqParent",19,12.5,70.6,26.7,15.85,28.242,14.41,3.306,6.945
"182","No","Pre 2nd dose","CD19_.CD27..CD38._FreqParent",19,0.024,0.68,0.16,0.12,0.169,0.147,0.034,0.071
"183","No","Pre 2nd dose","CD19_.IgD..CD71..ActivBCells_FreqParent",19,54.7,95.5,90.4,5.5,87.484,9.391,2.154,4.526
"184","No","Pre 2nd dose","CD19_.IgD..CD71..CD20.CD38._FreqParent",19,0.45,26.9,2.63,3.04,4.758,6.129,1.406,2.954
"185","No","Pre 2nd dose","CD19_.IgD..CD71._FreqParent",19,0.17,3.55,1.02,0.835,1.334,0.816,0.187,0.393
"186","No","Pre 2nd dose","CD19_.Naive.B_FreqParent",19,17,49.6,41,5.7,39.347,7.793,1.788,3.756
"187","No","Pre 2nd dose","CD19_.Nonnaive.B.Tbet..CD11C._FreqParent",19,0.51,4.89,1.96,1.815,2.084,1.302,0.299,0.627
"188","No","Pre 2nd dose","CD19_.Nonnaive.B_FreqParent",19,38.5,79.8,47.2,9.95,50.242,10.785,2.474,5.198
"189","No","Pre 2nd dose","CD19__FreqParent",19,4.08,33.1,10.3,6.99,12.878,7.559,1.734,3.643
"190","No","Pre 2nd dose","CD3__FreqParent",19,25.8,80.2,66.4,11.35,63.611,13.119,3.01,6.323
"191","No","Pre 2nd dose","CD4_.CD38.Ki67..Foxp3._FreqParent",19,12.8,42.8,28.1,7.2,27.637,7.249,1.663,3.494
"192","No","Pre 2nd dose","CD4_.CD38.Ki67..GzmB..CD4_FreqParent",19,1.2,19.3,3.4,2.295,4.564,4.416,1.013,2.128
"193","No","Pre 2nd dose","CD4_.CD38.Ki67._FreqParent",19,0.32,1.4,0.76,0.23,0.773,0.273,0.063,0.132
"194","No","Pre 2nd dose","CD4_.HLADR.CD38._FreqParent",19,0.15,0.87,0.36,0.27,0.421,0.195,0.045,0.094
"195","No","Pre 2nd dose","CD4_.Naive_FreqParent",19,7.73,35.6,20.7,7.95,20.543,7.085,1.625,3.415
"196","No","Pre 2nd dose","CD4_.Nonnaive.cTfh.ICOS..CD38...CXCR3._FreqParent",19,4.67,33.8,19.6,10.9,21.351,7.665,1.758,3.694
"197","No","Pre 2nd dose","CD4_.Nonnaive.cTfh.ICOS..CD38.._FreqParent",19,2.27,14,5.7,2.435,5.929,2.799,0.642,1.349
"198","No","Pre 2nd dose","CD4_.Nonnaive.cTfh_FreqParent",19,4.15,14.4,8.02,3.71,7.77,2.548,0.585,1.228
"199","No","Pre 2nd dose","CD4_.Nonnaive_FreqParent",19,37.9,86.6,65.9,15.05,65.842,12.256,2.812,5.907
"200","No","Pre 2nd dose","CD4__FreqParent",19,28.1,76.5,58.6,17.95,56.021,11.28,2.588,5.437
"201","No","Pre 2nd dose","CD8_.CD38.Ki67..GzmB..CD8_FreqParent",19,21.4,89.7,42.7,10.45,43.353,15.053,3.453,7.255
"202","No","Pre 2nd dose","CD8_.CD38.Ki67._FreqParent",19,0.13,0.75,0.38,0.375,0.422,0.206,0.047,0.099
"203","No","Pre 2nd dose","CD8_.HLADR.CD38._FreqParent",19,0.13,2.14,0.53,0.385,0.618,0.457,0.105,0.22
"204","No","Pre 2nd dose","CD8_.Naive.CD8_FreqParent",19,9.12,62.9,28.4,18.95,29.457,14.552,3.338,7.014
"205","No","Pre 2nd dose","CD8_.Nonnaive.CD8_FreqParent",19,34.4,90,68.5,18.4,67.611,14.866,3.41,7.165
"206","No","Pre 2nd dose","CD8__FreqParent",19,18.5,40.1,32.2,7.5,31.068,5.595,1.284,2.697
"207","No","Pre 2nd dose","CXCL13",9,15,39.5,25.3,8.6,27.378,7.219,2.406,5.549
"208","No","Pre 2nd dose","DPV",19,16,28,21,2,21.158,2.522,0.579,1.216
"209","No","Pre 2nd dose","Elispot_IgA_RBD",2,8.89,26.67,17.78,8.89,17.78,12.572,8.89,112.958
"210","No","Pre 2nd dose","Elispot_IgA_S1",2,8.89,35.56,22.225,13.335,22.225,18.859,13.335,169.437
"211","No","Pre 2nd dose","Elispot_IgA_S2",2,0,2.96,1.48,1.48,1.48,2.093,1.48,18.805
"212","No","Pre 2nd dose","Elispot_IgG_RBD",2,80,800,440,360,440,509.117,360,4574.234
"213","No","Pre 2nd dose","Elispot_IgG_S1",2,80,400,240,160,240,226.274,160,2032.993
"214","No","Pre 2nd dose","Elispot_IgG_S2",2,0,14.81,7.405,7.405,7.405,10.472,7.405,94.089
"215","No","Pre 2nd dose","Elispot_IgM_RBD",2,0,0,0,0,0,0,0,0
"216","No","Pre 2nd dose","Elispot_IgM_S1",2,0,0,0,0,0,0,0,0
"217","No","Pre 2nd dose","Elispot_IgM_S2",2,0,0,0,0,0,0,0,0
"218","No","Pre 2nd dose","FC_Elispot_IgG_S1",6,2,Inf,Inf,NA,Inf,NA,NA,NA
"219","No","Pre 2nd dose","FC_IgG_S1_postVax1",12,0.93,82.25,3.235,5.201,11.964,23.597,6.812,14.993
"220","No","Pre 2nd dose","FC_IgG_S1_postVax2",12,1.435,31.643,9.827,7.949,11.043,8.593,2.481,5.46
"221","No","Pre 2nd dose","FCActivCD4_Vax1",18,0.534,446.281,1.867,10.101,35.038,104.819,24.706,52.125
"222","No","Pre 2nd dose","FCActivCD4_Vax2",18,0.22,2.333,1.352,0.771,1.363,0.589,0.139,0.293
"223","No","Pre 2nd dose","FCActivCD8_Vax1",18,0.571,125.683,1.709,9.569,12.091,29.045,6.846,14.444
"224","No","Pre 2nd dose","FCActivCD8_Vax2",18,0.139,9.812,2.605,1.895,2.922,2.157,0.509,1.073
"225","No","Pre 2nd dose","FCPB_Vax1",18,0.332,6.226,1.441,1.34,1.73,1.436,0.339,0.714
"226","No","Pre 2nd dose","FCPB_Vax2",18,0.279,3.875,1.264,1.026,1.319,0.875,0.206,0.435
"227","No","Pre 2nd dose","FCtfh_CXCR3_fullResp",17,0.504,Inf,3.574,2.926,Inf,NA,NA,NA
"228","No","Pre 2nd dose","FCtfh_CXCR3_Vax1",18,0.26,Inf,2.279,4.777,Inf,NA,NA,NA
"229","No","Pre 2nd dose","FCtfh_CXCR3_Vax2",18,0.198,5.075,1.003,0.975,1.461,1.296,0.305,0.644
"230","No","Pre 2nd dose","FCtfh_Vax1",18,0.35,3.896,1.327,0.787,1.477,0.815,0.192,0.405
"231","No","Pre 2nd dose","FCtfh_Vax2",18,0.683,2.841,1.299,0.664,1.388,0.492,0.116,0.245
"232","No","Pre 2nd dose","IC50_neutAb_log10",4,25.01,114.8,44.465,24.705,57.185,39.509,19.754,62.867
"233","No","Pre 2nd dose","Live.CD16..CD14._FreqParent",19,64.6,86.6,80.3,10.8,77.142,7.451,1.709,3.591
"234","No","Pre 2nd dose","V1",19,-6,1,-1,3,-1.789,2.371,0.544,1.143
"235","No","Pre 2nd dose","V2",19,7,10,7,1,7.684,0.946,0.217,0.456
"236","No","Pre 2nd dose","V3",19,14,28,21,2,20.368,3.37,0.773,1.624
"237","No","Pre 2nd dose","V4",19,21,49,29,3,30.105,5.877,1.348,2.833
"238","No","Pre 2nd dose","V5",17,29,68,50,3,48.647,8.853,2.147,4.552
"239","No","Pre 2nd dose","V6",2,36,50,43,7,43,9.899,7,88.943
"240","No","Pre 2nd dose","V7",1,50,50,50,0,50,NA,NA,NA
"241","No","Post 2nd dose","Age",18,28,65,38.5,9.5,41.833,9.805,2.311,4.876
"242","No","Post 2nd dose","Avidity",2,42.997,59.369,51.183,8.186,51.183,11.577,8.186,104.013
"243","No","Post 2nd dose","binding_IgA_S1",6,4302.803,18740.432,8070.065,6371.079,9380.754,5501.769,2246.088,5773.752
"244","No","Post 2nd dose","binding_IgG_N",7,50,50,50,0,50,0,0,0
"245","No","Post 2nd dose","binding_IgG_S1",12,66702.266,902847.502,252414.842,301575.266,362388.697,289430.885,83551.5,183895.611
"246","No","Post 2nd dose","CD19_.CD21lo_FreqParent",18,1.29,5.29,2.74,1.312,3.044,1.145,0.27,0.569
"247","No","Post 2nd dose","CD19_.CD27..CD38..CD138._FreqParent",18,9.09,40.9,32.8,23.7,27.357,12.36,2.913,6.147
"248","No","Post 2nd dose","CD19_.CD27..CD38._FreqParent",18,0.052,0.62,0.12,0.105,0.163,0.137,0.032,0.068
"249","No","Post 2nd dose","CD19_.IgD..CD71..ActivBCells_FreqParent",18,69.6,93.5,88.95,5.6,86.528,7.477,1.762,3.718
"250","No","Post 2nd dose","CD19_.IgD..CD71..CD20.CD38._FreqParent",18,0.44,20.4,3.125,5.37,5.444,5.644,1.33,2.807
"251","No","Post 2nd dose","CD19_.IgD..CD71._FreqParent",18,0.14,3.12,1.425,0.88,1.301,0.703,0.166,0.35
"252","No","Post 2nd dose","CD19_.Naive.B_FreqParent",18,31.5,52.9,42.05,6.25,42.078,5.399,1.273,2.685
"253","No","Post 2nd dose","CD19_.Nonnaive.B.Tbet..CD11C._FreqParent",18,0.46,4.28,2.465,1.54,2.252,1.182,0.279,0.588
"254","No","Post 2nd dose","CD19_.Nonnaive.B_FreqParent",18,38.9,64.5,48.7,7.95,48.739,6.81,1.605,3.386
"255","No","Post 2nd dose","CD19__FreqParent",18,6.36,25.6,10.055,3.982,11.711,5.108,1.204,2.54
"256","No","Post 2nd dose","CD3__FreqParent",18,45.7,87.1,63.25,11.675,62.539,10.073,2.374,5.009
"257","No","Post 2nd dose","CD4_.CD38.Ki67..Foxp3._FreqParent",18,10.6,36.6,22.75,10.575,22.15,7.358,1.734,3.659
"258","No","Post 2nd dose","CD4_.CD38.Ki67..GzmB..CD4_FreqParent",18,0.89,26.3,3.54,2.862,5.414,5.741,1.353,2.855
"259","No","Post 2nd dose","CD4_.CD38.Ki67._FreqParent",18,0.18,2.03,0.865,0.55,1.005,0.496,0.117,0.246
"260","No","Post 2nd dose","CD4_.HLADR.CD38._FreqParent",18,0.12,1.15,0.465,0.31,0.536,0.266,0.063,0.132
"261","No","Post 2nd dose","CD4_.Naive_FreqParent",18,7.54,24.9,18.9,5.475,18.674,4.634,1.092,2.304
"262","No","Post 2nd dose","CD4_.Nonnaive.cTfh.ICOS..CD38...CXCR3._FreqParent",18,3.15,45.6,24,22.175,25.155,13.257,3.125,6.593
"263","No","Post 2nd dose","CD4_.Nonnaive.cTfh.ICOS..CD38.._FreqParent",18,2.44,14.2,7.84,2.48,7.614,2.954,0.696,1.469
"264","No","Post 2nd dose","CD4_.Nonnaive.cTfh_FreqParent",18,3.67,16.5,8.45,4.387,8.279,3.179,0.749,1.581
"265","No","Post 2nd dose","CD4_.Nonnaive_FreqParent",18,57,89.9,67.65,6.625,67.861,7.993,1.884,3.975
"266","No","Post 2nd dose","CD4__FreqParent",18,34.4,77.7,56.85,11.35,57.506,9.848,2.321,4.897
"267","No","Post 2nd dose","CD8_.CD38.Ki67..GzmB..CD8_FreqParent",18,31,85.9,66.4,22.75,60.367,16.165,3.81,8.039
"268","No","Post 2nd dose","CD8_.CD38.Ki67._FreqParent",18,0.097,2.43,0.98,1.215,1.1,0.779,0.184,0.387
"269","No","Post 2nd dose","CD8_.HLADR.CD38._FreqParent",18,0.35,3.21,1.15,1.185,1.236,0.759,0.179,0.377
"270","No","Post 2nd dose","CD8_.Naive.CD8_FreqParent",18,3.76,47.7,28.8,9.2,28.198,11.977,2.823,5.956
"271","No","Post 2nd dose","CD8_.Nonnaive.CD8_FreqParent",18,49.1,94,68,8.55,69.311,12.252,2.888,6.093
"272","No","Post 2nd dose","CD8__FreqParent",18,16.4,43.7,28.45,9.525,29.622,7.541,1.777,3.75
"273","No","Post 2nd dose","CXCL13",9,14.5,39.1,26.7,12,25.922,8.448,2.816,6.493
"274","No","Post 2nd dose","DPV",18,27,36,29,3,29.889,2.632,0.62,1.309
"275","No","Post 2nd dose","Elispot_IgA_RBD",6,0,17.78,7.41,7.407,7.902,6.401,2.613,6.718
"276","No","Post 2nd dose","Elispot_IgA_S1",6,0,8.89,7.41,2.96,6.422,3.464,1.414,3.635
"277","No","Post 2nd dose","Elispot_IgA_S2",6,0,35.56,0,6.668,7.408,14.243,5.814,14.947
"278","No","Post 2nd dose","Elispot_IgG_RBD",7,0,480,53.33,84.45,115.556,166.613,62.974,154.091
"279","No","Post 2nd dose","Elispot_IgG_S1",7,0,293.33,53.33,50.365,75.767,100.621,38.031,93.059
"280","No","Post 2nd dose","Elispot_IgG_S2",7,0,26.67,2.96,5.925,7.617,9.657,3.65,8.931
"281","No","Post 2nd dose","Elispot_IgM_RBD",6,0,17.78,1.48,14.075,6.42,8.874,3.623,9.312
"282","No","Post 2nd dose","Elispot_IgM_S1",6,0,11.85,1.48,5.188,3.457,4.747,1.938,4.981
"283","No","Post 2nd dose","Elispot_IgM_S2",6,0,2.96,0,0,0.493,1.208,0.493,1.268
"284","No","Post 2nd dose","FC_Elispot_IgG_S1",6,2,Inf,Inf,NA,Inf,NA,NA,NA
"285","No","Post 2nd dose","FC_IgG_S1_postVax1",12,0.93,82.25,3.235,5.201,11.964,23.597,6.812,14.993
"286","No","Post 2nd dose","FC_IgG_S1_postVax2",12,1.435,31.643,9.827,7.949,11.043,8.593,2.481,5.46
"287","No","Post 2nd dose","FCActivCD4_Vax1",17,0.534,446.281,1.933,11.482,37.018,107.697,26.12,55.373
"288","No","Post 2nd dose","FCActivCD4_Vax2",18,0.22,2.333,1.352,0.771,1.363,0.589,0.139,0.293
"289","No","Post 2nd dose","FCActivCD8_Vax1",17,0.571,125.683,1.897,10.786,12.72,29.813,7.231,15.328
"290","No","Post 2nd dose","FCActivCD8_Vax2",18,0.139,9.812,2.605,1.895,2.922,2.157,0.509,1.073
"291","No","Post 2nd dose","FCPB_Vax1",17,0.332,6.226,1.438,1.424,1.726,1.481,0.359,0.761
"292","No","Post 2nd dose","FCPB_Vax2",18,0.279,3.875,1.264,1.026,1.319,0.875,0.206,0.435
"293","No","Post 2nd dose","FCtfh_CXCR3_fullResp",17,0.504,Inf,3.574,2.926,Inf,NA,NA,NA
"294","No","Post 2nd dose","FCtfh_CXCR3_Vax1",17,0.26,Inf,2.05,3.741,Inf,NA,NA,NA
"295","No","Post 2nd dose","FCtfh_CXCR3_Vax2",18,0.198,5.075,1.003,0.975,1.461,1.296,0.305,0.644
"296","No","Post 2nd dose","FCtfh_Vax1",17,0.35,3.896,1.312,0.846,1.46,0.836,0.203,0.43
"297","No","Post 2nd dose","FCtfh_Vax2",18,0.683,2.841,1.299,0.664,1.388,0.492,0.116,0.245
"298","No","Post 2nd dose","IC50_neutAb_log10",4,636.7,2803,1290.3,1514.625,1505.075,1060.277,530.139,1687.138
"299","No","Post 2nd dose","Live.CD16..CD14._FreqParent",18,62.6,90.4,80.4,11.1,79.15,8.378,1.975,4.166
"300","No","Post 2nd dose","V1",18,-6,1,-1,3,-1.889,2.398,0.565,1.193
"301","No","Post 2nd dose","V2",18,7,10,7,1,7.667,0.97,0.229,0.482
"302","No","Post 2nd dose","V3",18,14,28,21,2.5,20.389,3.466,0.817,1.724
"303","No","Post 2nd dose","V4",18,21,36,28.5,3,29.056,3.796,0.895,1.888
"304","No","Post 2nd dose","V5",17,29,68,50,3,48.647,8.853,2.147,4.552
"305","No","Post 2nd dose","V6",2,36,50,43,7,43,9.899,7,88.943
"306","No","Post 2nd dose","V7",1,50,50,50,0,50,NA,NA,NA
"307","No","2 wks post 2nd dose","Age",1,38,38,38,0,38,NA,NA,NA
"308","No","2 wks post 2nd dose","CD19_.CD21lo_FreqParent",1,3.67,3.67,3.67,0,3.67,NA,NA,NA
"309","No","2 wks post 2nd dose","CD19_.CD27..CD38..CD138._FreqParent",1,15.4,15.4,15.4,0,15.4,NA,NA,NA
"310","No","2 wks post 2nd dose","CD19_.CD27..CD38._FreqParent",1,0.071,0.071,0.071,0,0.071,NA,NA,NA
"311","No","2 wks post 2nd dose","CD19_.IgD..CD71..ActivBCells_FreqParent",1,93.3,93.3,93.3,0,93.3,NA,NA,NA
"312","No","2 wks post 2nd dose","CD19_.IgD..CD71..CD20.CD38._FreqParent",1,1.73,1.73,1.73,0,1.73,NA,NA,NA
"313","No","2 wks post 2nd dose","CD19_.IgD..CD71._FreqParent",1,2.51,2.51,2.51,0,2.51,NA,NA,NA
"314","No","2 wks post 2nd dose","CD19_.Naive.B_FreqParent",1,35,35,35,0,35,NA,NA,NA
"315","No","2 wks post 2nd dose","CD19_.Nonnaive.B.Tbet..CD11C._FreqParent",1,2.92,2.92,2.92,0,2.92,NA,NA,NA
"316","No","2 wks post 2nd dose","CD19_.Nonnaive.B_FreqParent",1,57.4,57.4,57.4,0,57.4,NA,NA,NA
"317","No","2 wks post 2nd dose","CD19__FreqParent",1,9.08,9.08,9.08,0,9.08,NA,NA,NA
"318","No","2 wks post 2nd dose","CD3__FreqParent",1,73.3,73.3,73.3,0,73.3,NA,NA,NA
"319","No","2 wks post 2nd dose","CD4_.CD38.Ki67..Foxp3._FreqParent",1,26.2,26.2,26.2,0,26.2,NA,NA,NA
"320","No","2 wks post 2nd dose","CD4_.CD38.Ki67..GzmB..CD4_FreqParent",1,4.74,4.74,4.74,0,4.74,NA,NA,NA
"321","No","2 wks post 2nd dose","CD4_.CD38.Ki67._FreqParent",1,0.59,0.59,0.59,0,0.59,NA,NA,NA
"322","No","2 wks post 2nd dose","CD4_.HLADR.CD38._FreqParent",1,0.29,0.29,0.29,0,0.29,NA,NA,NA
"323","No","2 wks post 2nd dose","CD4_.Naive_FreqParent",1,19.8,19.8,19.8,0,19.8,NA,NA,NA
"324","No","2 wks post 2nd dose","CD4_.Nonnaive.cTfh.ICOS..CD38...CXCR3._FreqParent",1,25.2,25.2,25.2,0,25.2,NA,NA,NA
"325","No","2 wks post 2nd dose","CD4_.Nonnaive.cTfh.ICOS..CD38.._FreqParent",1,4.33,4.33,4.33,0,4.33,NA,NA,NA
"326","No","2 wks post 2nd dose","CD4_.Nonnaive.cTfh_FreqParent",1,7.33,7.33,7.33,0,7.33,NA,NA,NA
"327","No","2 wks post 2nd dose","CD4_.Nonnaive_FreqParent",1,55.5,55.5,55.5,0,55.5,NA,NA,NA
"328","No","2 wks post 2nd dose","CD4__FreqParent",1,49.3,49.3,49.3,0,49.3,NA,NA,NA
"329","No","2 wks post 2nd dose","CD8_.CD38.Ki67..GzmB..CD8_FreqParent",1,54,54,54,0,54,NA,NA,NA
"330","No","2 wks post 2nd dose","CD8_.CD38.Ki67._FreqParent",1,0.59,0.59,0.59,0,0.59,NA,NA,NA
"331","No","2 wks post 2nd dose","CD8_.HLADR.CD38._FreqParent",1,1.23,1.23,1.23,0,1.23,NA,NA,NA
"332","No","2 wks post 2nd dose","CD8_.Naive.CD8_FreqParent",1,25.1,25.1,25.1,0,25.1,NA,NA,NA
"333","No","2 wks post 2nd dose","CD8_.Nonnaive.CD8_FreqParent",1,73,73,73,0,73,NA,NA,NA
"334","No","2 wks post 2nd dose","CD8__FreqParent",1,35,35,35,0,35,NA,NA,NA
"335","No","2 wks post 2nd dose","DPV",1,36,36,36,0,36,NA,NA,NA
"336","No","2 wks post 2nd dose","FC_IgG_S1_postVax1",1,1,1,1,0,1,NA,NA,NA
"337","No","2 wks post 2nd dose","FC_IgG_S1_postVax2",1,1.435,1.435,1.435,0,1.435,NA,NA,NA
"338","No","2 wks post 2nd dose","FCActivCD4_Vax1",1,86.207,86.207,86.207,0,86.207,NA,NA,NA
"339","No","2 wks post 2nd dose","FCActivCD4_Vax2",1,0.632,0.632,0.632,0,0.632,NA,NA,NA
"340","No","2 wks post 2nd dose","FCActivCD8_Vax1",1,22.222,22.222,22.222,0,22.222,NA,NA,NA
"341","No","2 wks post 2nd dose","FCActivCD8_Vax2",1,2.133,2.133,2.133,0,2.133,NA,NA,NA
"342","No","2 wks post 2nd dose","FCPB_Vax1",1,1.438,1.438,1.438,0,1.438,NA,NA,NA
"343","No","2 wks post 2nd dose","FCPB_Vax2",1,0.647,0.647,0.647,0,0.647,NA,NA,NA
"344","No","2 wks post 2nd dose","FCtfh_CXCR3_fullResp",1,Inf,Inf,Inf,NA,Inf,NA,NA,NA
"345","No","2 wks post 2nd dose","FCtfh_CXCR3_Vax1",1,Inf,Inf,Inf,NA,Inf,NA,NA,NA
"346","No","2 wks post 2nd dose","FCtfh_CXCR3_Vax2",1,0.89,0.89,0.89,0,0.89,NA,NA,NA
"347","No","2 wks post 2nd dose","FCtfh_Vax1",1,1.807,1.807,1.807,0,1.807,NA,NA,NA
"348","No","2 wks post 2nd dose","FCtfh_Vax2",1,1.259,1.259,1.259,0,1.259,NA,NA,NA
"349","No","2 wks post 2nd dose","Live.CD16..CD14._FreqParent",1,88.6,88.6,88.6,0,88.6,NA,NA,NA
"350","No","2 wks post 2nd dose","V1",1,0,0,0,0,0,NA,NA,NA
"351","No","2 wks post 2nd dose","V2",1,7,7,7,0,7,NA,NA,NA
"352","No","2 wks post 2nd dose","V3",1,14,14,14,0,14,NA,NA,NA
"353","No","2 wks post 2nd dose","V4",1,21,21,21,0,21,NA,NA,NA
"354","No","2 wks post 2nd dose","V5",1,29,29,29,0,29,NA,NA,NA
"355","No","2 wks post 2nd dose","V6",1,36,36,36,0,36,NA,NA,NA
"356","No","2 wks post 2nd dose","V7",1,50,50,50,0,50,NA,NA,NA
"357","No","One month post
2nd dose","Age",17,28,62,39,9,41.176,8.087,1.961,4.158
"358","No","One month post
2nd dose","Avidity",7,46.397,73.454,60.979,17.427,59.754,10.772,4.072,9.963
"359","No","One month post
2nd dose","binding_IgA_S1",1,159.666,159.666,159.666,0,159.666,NA,NA,NA
"360","No","One month post
2nd dose","binding_IgG_S1",9,97137.017,1030479.999,299445.526,323917.483,395560.499,312978.332,104326.111,240576.442
"361","No","One month post
2nd dose","CD19_.CD21lo_FreqParent",17,0.38,4.78,2.62,1.51,2.833,1.146,0.278,0.589
"362","No","One month post
2nd dose","CD19_.CD27..CD38..CD138._FreqParent",17,2.35,41.4,13.8,16.71,17.659,11.597,2.813,5.963
"363","No","One month post
2nd dose","CD19_.CD27..CD38._FreqParent",17,0.039,0.29,0.16,0.07,0.172,0.061,0.015,0.031
"364","No","One month post
2nd dose","CD19_.IgD..CD71..ActivBCells_FreqParent",17,65.9,89.9,85.7,4.6,83.594,6.862,1.664,3.528
"365","No","One month post
2nd dose","CD19_.IgD..CD71..CD20.CD38._FreqParent",17,0.93,10.2,3.12,2.52,3.511,2.606,0.632,1.34
"366","No","One month post
2nd dose","CD19_.IgD..CD71._FreqParent",17,0.089,1.92,0.98,0.51,0.991,0.482,0.117,0.248
"367","No","One month post
2nd dose","CD19_.Naive.B_FreqParent",17,30,53,40.1,8.2,40.582,5.906,1.432,3.037
"368","No","One month post
2nd dose","CD19_.Nonnaive.B.Tbet..CD11C._FreqParent",17,1.03,4.75,2,0.81,2.367,0.976,0.237,0.502
"369","No","One month post
2nd dose","CD19_.Nonnaive.B_FreqParent",17,38,62.7,47.4,12.3,49.153,8.202,1.989,4.217
"370","No","One month post
2nd dose","CD19__FreqParent",17,5.64,27.4,12.7,5.13,13.167,5.649,1.37,2.905
"371","No","One month post
2nd dose","CD3__FreqParent",17,31.2,82.1,67.7,15.6,65.782,12.415,3.011,6.383
"372","No","One month post
2nd dose","CD4_.CD38.Ki67..Foxp3._FreqParent",17,16.4,39.1,24.5,10.1,26.735,6.829,1.656,3.511
"373","No","One month post
2nd dose","CD4_.CD38.Ki67..GzmB..CD4_FreqParent",17,1.13,15.7,4.68,4.91,5.517,4.207,1.02,2.163
"374","No","One month post
2nd dose","CD4_.CD38.Ki67._FreqParent",17,0.36,1.76,0.97,0.47,1.016,0.37,0.09,0.19
"375","No","One month post
2nd dose","CD4_.HLADR.CD38._FreqParent",17,0.33,1.82,0.64,0.45,0.724,0.379,0.092,0.195
"376","No","One month post
2nd dose","CD4_.Naive_FreqParent",17,8.19,30,20.7,7.5,20.688,5.898,1.431,3.033
"377","No","One month post
2nd dose","CD4_.Nonnaive.cTfh.ICOS..CD38...CXCR3._FreqParent",17,5.2,42,14.2,9.92,15.801,8.948,2.17,4.601
"378","No","One month post
2nd dose","CD4_.Nonnaive.cTfh.ICOS..CD38.._FreqParent",17,6.19,16.5,8.2,1.43,8.926,2.694,0.653,1.385
"379","No","One month post
2nd dose","CD4_.Nonnaive.cTfh_FreqParent",17,3.8,15.5,6.44,2.89,7.068,2.809,0.681,1.444
"380","No","One month post
2nd dose","CD4_.Nonnaive_FreqParent",17,52.3,88.5,71.4,12.2,69.694,8.693,2.108,4.47
"381","No","One month post
2nd dose","CD4__FreqParent",17,39.7,68.4,57.4,8.5,56.212,8.035,1.949,4.131
"382","No","One month post
2nd dose","CD8_.CD38.Ki67..GzmB..CD8_FreqParent",17,18.6,69.9,40.3,20.9,44.582,14.331,3.476,7.369
"383","No","One month post
2nd dose","CD8_.CD38.Ki67._FreqParent",17,0.27,1.73,0.62,0.29,0.714,0.393,0.095,0.202
"384","No","One month post
2nd dose","CD8_.HLADR.CD38._FreqParent",17,0.41,3.89,0.95,0.89,1.369,1.072,0.26,0.551
"385","No","One month post
2nd dose","CD8_.Naive.CD8_FreqParent",17,1.73,43.3,27.1,21.5,24.4,13.64,3.308,7.013
"386","No","One month post
2nd dose","CD8_.Nonnaive.CD8_FreqParent",17,53.6,97.6,66.7,25.4,71.912,15.42,3.74,7.928
"387","No","One month post
2nd dose","CD8__FreqParent",17,20.4,48,29.5,12.8,31.006,8.497,2.061,4.369
"388","No","One month post
2nd dose","DPV",17,44,54,50,1,50,2.236,0.542,1.15
"389","No","One month post
2nd dose","FC_Elispot_IgG_S1",6,2,Inf,Inf,NA,Inf,NA,NA,NA
"390","No","One month post
2nd dose","FC_IgG_S1_postVax1",11,0.93,82.25,2.766,5.804,12.671,24.615,7.422,16.537
"391","No","One month post
2nd dose","FC_IgG_S1_postVax2",11,1.435,31.643,11.314,6.439,11.628,8.758,2.641,5.884
"392","No","One month post
2nd dose","FCActivCD4_Vax1",16,0.534,446.281,1.867,7.338,38.113,111.124,27.781,59.214
"393","No","One month post
2nd dose","FCActivCD4_Vax2",16,0.22,2.333,1.339,0.987,1.365,0.627,0.157,0.334
"394","No","One month post
2nd dose","FCActivCD8_Vax1",16,0.571,125.683,1.709,7.134,12.575,30.768,7.692,16.395
"395","No","One month post
2nd dose","FCActivCD8_Vax2",16,1.065,5.448,2.605,1.863,2.666,1.234,0.309,0.658
"396","No","One month post
2nd dose","FCPB_Vax1",16,0.332,6.226,1.441,1.267,1.742,1.5,0.375,0.799
"397","No","One month post
2nd dose","FCPB_Vax2",16,0.388,3.875,1.32,0.909,1.427,0.867,0.217,0.462
"398","No","One month post
2nd dose","FCtfh_CXCR3_fullResp",15,0.504,Inf,3.574,2.777,Inf,NA,NA,NA
"399","No","One month post
2nd dose","FCtfh_CXCR3_Vax1",16,0.26,Inf,2.664,5.187,Inf,NA,NA,NA
"400","No","One month post
2nd dose","FCtfh_CXCR3_Vax2",16,0.198,4.104,0.957,0.829,1.17,0.932,0.233,0.497
"401","No","One month post
2nd dose","FCtfh_Vax1",16,0.479,3.896,1.327,0.668,1.491,0.782,0.196,0.417
"402","No","One month post
2nd dose","FCtfh_Vax2",16,0.683,2.841,1.299,0.558,1.386,0.498,0.124,0.265
"403","No","One month post
2nd dose","IC50_neutAb_log10",3,389.4,6334,1490,2972.3,2737.8,3162.645,1825.954,7856.445
"404","No","One month post
2nd dose","Live.CD16..CD14._FreqParent",17,56.2,90.1,79.4,9.6,78.282,9.078,2.202,4.667
"405","No","One month post
2nd dose","V1",17,-6,1,-1,3,-1.941,2.461,0.597,1.266
"406","No","One month post
2nd dose","V2",17,7,10,7,1,7.765,0.97,0.235,0.499
"407","No","One month post
2nd dose","V3",17,14,22,20,2,19.588,2.551,0.619,1.312
"408","No","One month post
2nd dose","V4",17,21,49,28,3,29.471,5.896,1.43,3.032
"409","No","One month post
2nd dose","V5",16,29,54,49.5,1.5,47.438,7.554,1.888,4.025
"410","No","One month post
2nd dose","V6",2,36,50,43,7,43,9.899,7,88.943
"411","No","One month post
2nd dose","V7",1,50,50,50,0,50,NA,NA,NA
"412","Yes","Baseline","Age",13,24,60,43,13,42,9.747,2.703,5.89
"413","Yes","Baseline","Avidity",5,60.232,109.529,100.181,9.123,93.153,19.289,8.626,23.95
"414","Yes","Baseline","binding_IgA_S1",12,25,1694.114,441.402,764.286,547.381,529.602,152.883,336.493
"415","Yes","Baseline","binding_IgG_N",13,50,4868,206,280,603.923,1309.144,363.091,791.108
"416","Yes","Baseline","binding_IgG_S1",13,336.211,31728.173,6232.388,4955.45,8648.234,9443.398,2619.127,5706.589
"417","Yes","Baseline","CD19_.CD21lo_FreqParent",11,0.8,9.11,3.62,4.13,3.855,2.798,0.844,1.88
"418","Yes","Baseline","CD19_.CD27..CD38..CD138._FreqParent",11,0,47.8,28.7,23.4,26.317,15.332,4.623,10.3
"419","Yes","Baseline","CD19_.CD27..CD38._FreqParent",11,0.032,1.61,0.47,0.553,0.469,0.458,0.138,0.308
"420","Yes","Baseline","CD19_.IgD..CD71..ActivBCells_FreqParent",11,65.3,94.1,87.2,5.15,84.655,9.192,2.771,6.175
"421","Yes","Baseline","CD19_.IgD..CD71..CD20.CD38._FreqParent",11,0.38,9,4.58,4.9,4.147,3.215,0.969,2.16
"422","Yes","Baseline","CD19_.IgD..CD71._FreqParent",11,0.36,15.3,6.2,8.59,6.047,5.353,1.614,3.596
"423","Yes","Baseline","CD19_.Naive.B_FreqParent",11,9.41,38,20.8,7.95,21.846,8.376,2.525,5.627
"424","Yes","Baseline","CD19_.Nonnaive.B.Tbet..CD11C._FreqParent",11,0.6,3.22,1.56,1.535,1.751,0.949,0.286,0.637
"425","Yes","Baseline","CD19_.Nonnaive.B_FreqParent",11,55.5,85.8,67.6,13.25,70.2,10.817,3.262,7.267
"426","Yes","Baseline","CD19__FreqParent",11,1.99,16.7,8.51,6.71,8.695,4.824,1.454,3.241
"427","Yes","Baseline","CD3__FreqParent",11,52.9,86.2,71.5,11.1,69.9,9.927,2.993,6.669
"428","Yes","Baseline","CD4_.CD38.Ki67..Foxp3._FreqParent",11,17.6,45.4,25.7,8.35,28.536,7.736,2.332,5.197
"429","Yes","Baseline","CD4_.CD38.Ki67..GzmB..CD4_FreqParent",11,1.22,55,3.56,4.485,9.203,15.902,4.795,10.683
"430","Yes","Baseline","CD4_.CD38.Ki67._FreqParent",11,0.007,2.69,0.91,0.505,1.072,0.715,0.215,0.48
"431","Yes","Baseline","CD4_.HLADR.CD38._FreqParent",11,0.074,5.42,0.68,0.61,1.01,1.498,0.452,1.007
"432","Yes","Baseline","CD4_.Naive_FreqParent",11,0.81,23,14.9,6.6,13.645,6.768,2.041,4.547
"433","Yes","Baseline","CD4_.Nonnaive.cTfh.ICOS..CD38...CXCR3._FreqParent",11,0.85,100,17.6,13.495,23.631,27.813,8.386,18.685
"434","Yes","Baseline","CD4_.Nonnaive.cTfh.ICOS..CD38.._FreqParent",11,1.34,9.8,6.02,4.035,5.693,2.839,0.856,1.907
"435","Yes","Baseline","CD4_.Nonnaive.cTfh_FreqParent",11,2.53,14.7,6.59,5.435,7.924,4.106,1.238,2.759
"436","Yes","Baseline","CD4_.Nonnaive_FreqParent",11,61.5,93.3,79.3,11.5,78.191,9.546,2.878,6.413
"437","Yes","Baseline","CD4__FreqParent",11,40.5,79,56.1,14.4,60.273,12.189,3.675,8.189
"438","Yes","Baseline","CD8_.CD38.Ki67..GzmB..CD8_FreqParent",11,7.51,78.4,46.7,14.9,47.71,19.611,5.913,13.175
"439","Yes","Baseline","CD8_.CD38.Ki67._FreqParent",11,0.01,2.57,0.38,0.89,0.774,0.803,0.242,0.54
"440","Yes","Baseline","CD8_.HLADR.CD38._FreqParent",11,0.29,3.07,1,1.27,1.163,0.966,0.291,0.649
"441","Yes","Baseline","CD8_.Naive.CD8_FreqParent",11,12.9,50.6,27.2,8.15,28.227,10.409,3.138,6.993
"442","Yes","Baseline","CD8_.Nonnaive.CD8_FreqParent",11,42.6,86.3,69,10.3,67.545,11.467,3.458,7.704
"443","Yes","Baseline","CD8__FreqParent",11,10.8,36.4,20.9,12.25,22.418,9.003,2.714,6.048
"444","Yes","Baseline","CXCL13",9,9,37.9,24.6,5.6,23.589,7.804,2.601,5.999
"445","Yes","Baseline","DPO.covid",13,-357,-20,-281,15,-248.385,102.22,28.351,61.771
"446","Yes","Baseline","DPV",13,-48,1,-9,16,-14.692,16.255,4.508,9.823
"447","Yes","Baseline","FC_Elispot_IgG_S1",8,0,0.6,0.126,0.315,0.194,0.219,0.077,0.183
"448","Yes","Baseline","FC_IgG_S1_postVax1",13,0.697,806.255,53.934,103.703,151.037,241.285,66.92,145.807
"449","Yes","Baseline","FC_IgG_S1_postVax2",12,0.754,28.287,1.447,0.91,3.844,7.759,2.24,4.93
"450","Yes","Baseline","FCActivCD4_Vax1",11,0.168,183.956,0.718,1.012,17.5,55.212,16.647,37.092
"451","Yes","Baseline","FCActivCD4_Vax2",11,0.429,15.979,1.211,1.258,2.507,4.516,1.362,3.034
"452","Yes","Baseline","FCActivCD8_Vax1",11,0.148,188.945,1.711,2.859,19.617,56.239,16.957,37.782
"453","Yes","Baseline","FCActivCD8_Vax2",11,0.348,16.444,3.333,2.031,4.183,4.43,1.336,2.976
"454","Yes","Baseline","FCPB_Vax1",11,0.024,16.562,0.4,0.682,1.983,4.883,1.472,3.281
"455","Yes","Baseline","FCPB_Vax2",11,0.25,4.167,1.077,0.587,1.27,1.036,0.312,0.696
"456","Yes","Baseline","FCtfh_CXCR3_fullResp",11,0.055,48.235,1,4.41,6.395,14.104,4.253,9.475
"457","Yes","Baseline","FCtfh_CXCR3_Vax1",11,0.153,34.588,1.687,5.933,6.99,10.963,3.305,7.365
"458","Yes","Baseline","FCtfh_CXCR3_Vax2",11,0.493,Inf,1.082,0.702,Inf,NA,NA,NA
"459","Yes","Baseline","FCtfh_Vax1",11,0.481,5.464,1.075,0.794,1.672,1.487,0.448,0.999
"460","Yes","Baseline","FCtfh_Vax2",11,0.236,1.735,0.922,0.697,1.047,0.48,0.145,0.323
"461","Yes","Baseline","IC50_neutAb_log10",5,10,190.4,42.34,34.2,59.388,75.106,33.589,93.257
"462","Yes","Baseline","Live.CD16..CD14._FreqParent",11,67.6,93.6,80.1,7.3,79.155,7.16,2.159,4.81
"463","Yes","Baseline","V1",13,-48,1,-9,16,-14.692,16.255,4.508,9.823
"464","Yes","Baseline","V2",13,6,13,8,2,8.769,2.204,0.611,1.332
"465","Yes","Baseline","V3",13,17,28,21,2,21.462,3.099,0.859,1.873
"466","Yes","Baseline","V4",13,28,56,30,4,32.615,7.478,2.074,4.519
"467","Yes","Baseline","V5",12,48,57,51,3.5,51,2.796,0.807,1.777
"468","Yes","Post 1st dose","Age",13,24,60,43,13,42,9.747,2.703,5.89
"469","Yes","Post 1st dose","binding_IgA_S1",9,503.254,48610.062,7151.687,17612.185,16137.219,18091.185,6030.395,13906.116
"470","Yes","Post 1st dose","binding_IgG_N",13,50,4788,196,294,584.462,1280.876,355.251,774.026
"471","Yes","Post 1st dose","binding_IgG_S1",13,7649.083,943248.958,217019.32,255842.822,313703.127,281873.499,78177.643,170334.451
"472","Yes","Post 1st dose","CD19_.CD21lo_FreqParent",12,0.64,52,2.195,2.08,6.478,14.393,4.155,9.145
"473","Yes","Post 1st dose","CD19_.CD27..CD38..CD138._FreqParent",12,7.41,56,24.35,16.325,27.659,15.438,4.456,9.809
"474","Yes","Post 1st dose","CD19_.CD27..CD38._FreqParent",12,0.021,1.06,0.064,0.056,0.168,0.291,0.084,0.185
"475","Yes","Post 1st dose","CD19_.IgD..CD71..ActivBCells_FreqParent",12,67.9,94,88.9,6.225,87.15,7.544,2.178,4.793
"476","Yes","Post 1st dose","CD19_.IgD..CD71..CD20.CD38._FreqParent",12,0.69,19.6,3.445,3.265,5.147,6.065,1.751,3.853
"477","Yes","Post 1st dose","CD19_.IgD..CD71._FreqParent",12,0.18,3.85,1.12,1.615,1.51,1.093,0.316,0.695
"478","Yes","Post 1st dose","CD19_.Naive.B_FreqParent",12,18.8,38,30.7,7.9,28.567,5.732,1.655,3.642
"479","Yes","Post 1st dose","CD19_.Nonnaive.B.Tbet..CD11C._FreqParent",12,0.42,4.1,1.205,1.74,1.558,1.151,0.332,0.731
"480","Yes","Post 1st dose","CD19_.Nonnaive.B_FreqParent",12,51.7,75.5,63.55,9.8,63.492,6.978,2.014,4.434
"481","Yes","Post 1st dose","CD19__FreqParent",12,6.55,23.2,12.45,4.4,12.773,4.265,1.231,2.71
"482","Yes","Post 1st dose","CD3__FreqParent",12,51.4,73,67.6,14,64.367,8.11,2.341,5.153
"483","Yes","Post 1st dose","CD4_.CD38.Ki67..Foxp3._FreqParent",12,13.7,49.6,19.25,11.225,24.317,11.039,3.187,7.014
"484","Yes","Post 1st dose","CD4_.CD38.Ki67..GzmB..CD4_FreqParent",12,1.43,14.7,5.935,5.638,6.533,4.013,1.159,2.55
"485","Yes","Post 1st dose","CD4_.CD38.Ki67._FreqParent",12,0.087,2.41,0.735,0.948,1.001,0.739,0.213,0.47
"486","Yes","Post 1st dose","CD4_.HLADR.CD38._FreqParent",12,0.18,2.33,0.39,0.27,0.565,0.584,0.169,0.371
"487","Yes","Post 1st dose","CD4_.Naive_FreqParent",12,3.83,21.4,11.55,6.845,13.101,5.731,1.654,3.641
"488","Yes","Post 1st dose","CD4_.Nonnaive.cTfh.ICOS..CD38...CXCR3._FreqParent",12,2.88,67.7,29.55,21.05,33.823,18.031,5.205,11.457
"489","Yes","Post 1st dose","CD4_.Nonnaive.cTfh.ICOS..CD38.._FreqParent",12,1.44,13.5,6.665,4.745,7.273,3.706,1.07,2.355
"490","Yes","Post 1st dose","CD4_.Nonnaive.cTfh_FreqParent",12,1.79,12.2,6.64,2.138,6.973,3.29,0.95,2.09
"491","Yes","Post 1st dose","CD4_.Nonnaive_FreqParent",12,51.8,91.1,84.95,18.875,78.3,12.67,3.658,8.05
"492","Yes","Post 1st dose","CD4__FreqParent",12,48.6,81.2,63.8,16.775,63.05,11.139,3.216,7.077
"493","Yes","Post 1st dose","CD8_.CD38.Ki67..GzmB..CD8_FreqParent",12,54.9,96.5,75.5,17.475,74.275,13.97,4.033,8.876
"494","Yes","Post 1st dose","CD8_.CD38.Ki67._FreqParent",12,0.25,2.61,0.895,1.107,1.144,0.757,0.218,0.481
"495","Yes","Post 1st dose","CD8_.HLADR.CD38._FreqParent",12,0.42,3.06,1.415,1.057,1.482,0.875,0.252,0.556
"496","Yes","Post 1st dose","CD8_.Naive.CD8_FreqParent",12,4.21,38.2,15.5,8.76,16.558,9.943,2.87,6.318
"497","Yes","Post 1st dose","CD8_.Nonnaive.CD8_FreqParent",12,57.7,95.5,82.4,9.225,81.392,10.666,3.079,6.777
"498","Yes","Post 1st dose","CD8__FreqParent",12,14.1,43.7,22.25,7.225,24.742,8.807,2.542,5.596
"499","Yes","Post 1st dose","CXCL13",9,8.74,45.1,20.6,5.9,22.338,10.196,3.399,7.837
"500","Yes","Post 1st dose","DPO.covid",13,-357,-20,-281,15,-248.385,102.22,28.351,61.771
"501","Yes","Post 1st dose","DPV",13,6,13,8,2,8.769,2.204,0.611,1.332
"502","Yes","Post 1st dose","Elispot_IgA_RBD",13,0,346.67,8.89,11.85,60.398,122.338,33.93,73.928
"503","Yes","Post 1st dose","Elispot_IgA_S1",13,0,720,8.89,23.71,85.243,201.467,55.877,121.745
"504","Yes","Post 1st dose","Elispot_IgA_S2",13,0,293.33,8.89,106.67,56.752,88.862,24.646,53.699
"505","Yes","Post 1st dose","Elispot_IgG_RBD",13,8.89,2400,160,192.59,361.71,653.104,181.139,394.667
"506","Yes","Post 1st dose","Elispot_IgG_S1",13,8.89,1760,240,610.37,428.718,541.355,150.145,327.137
"507","Yes","Post 1st dose","Elispot_IgG_S2",13,0,1360,88.89,631.11,383.589,468.54,129.949,283.136
"508","Yes","Post 1st dose","Elispot_IgM_RBD",13,0,5.93,0,2.96,1.596,2.6,0.721,1.571
"509","Yes","Post 1st dose","Elispot_IgM_S1",13,0,2.96,0,2.96,1.138,1.499,0.416,0.906
"510","Yes","Post 1st dose","Elispot_IgM_S2",13,0,5.93,0,0,0.912,1.868,0.518,1.129
"511","Yes","Post 1st dose","FC_Elispot_IgG_S1",8,0,0.6,0.126,0.315,0.194,0.219,0.077,0.183
"512","Yes","Post 1st dose","FC_IgG_S1_postVax1",13,0.697,806.255,53.934,103.703,151.037,241.285,66.92,145.807
"513","Yes","Post 1st dose","FC_IgG_S1_postVax2",12,0.754,28.287,1.447,0.91,3.844,7.759,2.24,4.93
"514","Yes","Post 1st dose","FCActivCD4_Vax1",11,0.168,183.956,0.718,1.012,17.5,55.212,16.647,37.092
"515","Yes","Post 1st dose","FCActivCD4_Vax2",11,0.429,15.979,1.211,1.258,2.507,4.516,1.362,3.034
"516","Yes","Post 1st dose","FCActivCD8_Vax1",11,0.148,188.945,1.711,2.859,19.617,56.239,16.957,37.782
"517","Yes","Post 1st dose","FCActivCD8_Vax2",11,0.348,16.444,3.333,2.031,4.183,4.43,1.336,2.976
"518","Yes","Post 1st dose","FCPB_Vax1",11,0.024,16.562,0.4,0.682,1.983,4.883,1.472,3.281
"519","Yes","Post 1st dose","FCPB_Vax2",11,0.25,4.167,1.077,0.587,1.27,1.036,0.312,0.696
"520","Yes","Post 1st dose","FCtfh_CXCR3_fullResp",11,0.055,48.235,1,4.41,6.395,14.104,4.253,9.475
"521","Yes","Post 1st dose","FCtfh_CXCR3_Vax1",11,0.153,34.588,1.687,5.933,6.99,10.963,3.305,7.365
"522","Yes","Post 1st dose","FCtfh_CXCR3_Vax2",11,0.493,Inf,1.082,0.702,Inf,NA,NA,NA
"523","Yes","Post 1st dose","FCtfh_Vax1",11,0.481,5.464,1.075,0.794,1.672,1.487,0.448,0.999
"524","Yes","Post 1st dose","FCtfh_Vax2",11,0.236,1.735,0.922,0.697,1.047,0.48,0.145,0.323
"525","Yes","Post 1st dose","IC50_neutAb_log10",4,39,32188,6429,13188.25,11271.25,14539.066,7269.533,23134.899
"526","Yes","Post 1st dose","Live.CD16..CD14._FreqParent",12,73.5,90.4,81.5,7.425,81.442,5.739,1.657,3.647
"527","Yes","Post 1st dose","V1",13,-48,1,-9,16,-14.692,16.255,4.508,9.823
"528","Yes","Post 1st dose","V2",13,6,13,8,2,8.769,2.204,0.611,1.332
"529","Yes","Post 1st dose","V3",13,17,28,21,2,21.462,3.099,0.859,1.873
"530","Yes","Post 1st dose","V4",13,28,56,30,4,32.615,7.478,2.074,4.519
"531","Yes","Post 1st dose","V5",12,48,57,51,3.5,51,2.796,0.807,1.777
"532","Yes","Pre 2nd dose","Age",12,24,54,42.5,12.25,40.5,8.469,2.445,5.381
"533","Yes","Pre 2nd dose","Avidity",5,61.257,95.49,87.537,8.885,83.44,13.34,5.966,16.563
"534","Yes","Pre 2nd dose","binding_IgA_S1",10,587.05,59822.078,12840.665,18302.698,16538.654,17558.516,5552.49,12560.606
"535","Yes","Pre 2nd dose","binding_IgG_N",12,50,2957,102.5,413,447.667,819.751,236.642,520.845
"536","Yes","Pre 2nd dose","binding_IgG_S1",12,12812.952,643987.995,331931.068,159861.362,324886.791,183335.803,52924.488,116486.012
"537","Yes","Pre 2nd dose","CD19_.CD21lo_FreqParent",11,0.91,5.49,3.11,2.04,3.073,1.425,0.43,0.957
"538","Yes","Pre 2nd dose","CD19_.CD27..CD38..CD138._FreqParent",11,0,45.8,30,13.85,26.482,12.936,3.9,8.69
"539","Yes","Pre 2nd dose","CD19_.CD27..CD38._FreqParent",11,0.042,0.67,0.12,0.067,0.168,0.176,0.053,0.119
"540","Yes","Pre 2nd dose","CD19_.IgD..CD71..ActivBCells_FreqParent",11,81,93.6,88.9,5,88.118,4.059,1.224,2.727
"541","Yes","Pre 2nd dose","CD19_.IgD..CD71..CD20.CD38._FreqParent",11,1.44,9.44,3.03,2.645,3.914,2.428,0.732,1.631
"542","Yes","Pre 2nd dose","CD19_.IgD..CD71._FreqParent",11,0.41,3.79,1.58,1.41,1.797,1.078,0.325,0.724
"543","Yes","Pre 2nd dose","CD19_.Naive.B_FreqParent",11,18.1,41.5,27.5,10.75,29.391,7.621,2.298,5.12
"544","Yes","Pre 2nd dose","CD19_.Nonnaive.B.Tbet..CD11C._FreqParent",11,0.83,5.36,2.12,1.7,2.286,1.51,0.455,1.015
"545","Yes","Pre 2nd dose","CD19_.Nonnaive.B_FreqParent",11,49.6,77.5,63.2,9.85,62.927,8.81,2.656,5.919
"546","Yes","Pre 2nd dose","CD19__FreqParent",11,4.43,22.9,12.4,10.07,12.53,6.604,1.991,4.437
"547","Yes","Pre 2nd dose","CD3__FreqParent",11,24.8,74.8,66.3,16.35,60.136,14.546,4.386,9.772
"548","Yes","Pre 2nd dose","CD4_.CD38.Ki67..Foxp3._FreqParent",11,0,40.9,32,9.2,28.491,11.508,3.47,7.731
"549","Yes","Pre 2nd dose","CD4_.CD38.Ki67..GzmB..CD4_FreqParent",11,0,11.7,2.96,1.635,3.526,3.113,0.939,2.092
"550","Yes","Pre 2nd dose","CD4_.CD38.Ki67._FreqParent",11,0.008,1.92,0.72,0.185,0.811,0.523,0.158,0.351
"551","Yes","Pre 2nd dose","CD4_.HLADR.CD38._FreqParent",11,0.25,1.84,0.35,0.25,0.625,0.561,0.169,0.377
"552","Yes","Pre 2nd dose","CD4_.Naive_FreqParent",11,4.96,24.8,14.7,7.05,14.597,6.161,1.858,4.139
"553","Yes","Pre 2nd dose","CD4_.Nonnaive.cTfh.ICOS..CD38...CXCR3._FreqParent",11,0,38.5,23.1,17.4,21.979,12.139,3.66,8.155
"554","Yes","Pre 2nd dose","CD4_.Nonnaive.cTfh.ICOS..CD38.._FreqParent",11,3.51,13.5,5.89,3.33,7.305,2.922,0.881,1.963
"555","Yes","Pre 2nd dose","CD4_.Nonnaive.cTfh_FreqParent",11,0.23,15.1,7.88,4.345,7.773,4.373,1.319,2.938
"556","Yes","Pre 2nd dose","CD4_.Nonnaive_FreqParent",11,46.2,93.2,74.7,17.55,72.736,13.745,4.144,9.234
"557","Yes","Pre 2nd dose","CD4__FreqParent",11,50.2,78.2,60.7,13.7,62.764,9.073,2.736,6.095
"558","Yes","Pre 2nd dose","CD8_.CD38.Ki67..GzmB..CD8_FreqParent",11,18.4,74.2,48.9,14.95,48.545,16.364,4.934,10.993
"559","Yes","Pre 2nd dose","CD8_.CD38.Ki67._FreqParent",11,0.27,2.53,0.67,0.64,0.894,0.691,0.208,0.464
"560","Yes","Pre 2nd dose","CD8_.HLADR.CD38._FreqParent",11,0.29,2.93,0.88,1.195,1.18,0.868,0.262,0.583
"561","Yes","Pre 2nd dose","CD8_.Naive.CD8_FreqParent",11,5.54,47.8,22.3,11.5,22.082,12.421,3.745,8.344
"562","Yes","Pre 2nd dose","CD8_.Nonnaive.CD8_FreqParent",11,49,93.6,75.5,17.35,74.918,13.567,4.091,9.115
"563","Yes","Pre 2nd dose","CD8__FreqParent",11,14.7,40.2,25.3,4.75,25.818,7.239,2.183,4.863
"564","Yes","Pre 2nd dose","CXCL13",9,11.6,29.4,22,4.7,20.711,5.688,1.896,4.372
"565","Yes","Pre 2nd dose","DPO.covid",12,-357,-20,-282,12.25,-246.917,106.622,30.779,67.744
"566","Yes","Pre 2nd dose","DPV",12,17,27,20.5,2.25,20.917,2.503,0.723,1.59
"567","Yes","Pre 2nd dose","FC_Elispot_IgG_S1",7,0,0.6,0.222,0.32,0.218,0.225,0.085,0.208
"568","Yes","Pre 2nd dose","FC_IgG_S1_postVax1",12,1.122,806.255,73.148,84.674,163.565,247.558,71.464,157.291
"569","Yes","Pre 2nd dose","FC_IgG_S1_postVax2",12,0.754,28.287,1.447,0.91,3.844,7.759,2.24,4.93
"570","Yes","Pre 2nd dose","FCActivCD4_Vax1",11,0.168,183.956,0.718,1.012,17.5,55.212,16.647,37.092
"571","Yes","Pre 2nd dose","FCActivCD4_Vax2",11,0.429,15.979,1.211,1.258,2.507,4.516,1.362,3.034
"572","Yes","Pre 2nd dose","FCActivCD8_Vax1",11,0.148,188.945,1.711,2.859,19.617,56.239,16.957,37.782
"573","Yes","Pre 2nd dose","FCActivCD8_Vax2",11,0.348,16.444,3.333,2.031,4.183,4.43,1.336,2.976
"574","Yes","Pre 2nd dose","FCPB_Vax1",11,0.024,16.562,0.4,0.682,1.983,4.883,1.472,3.281
"575","Yes","Pre 2nd dose","FCPB_Vax2",11,0.25,4.167,1.077,0.587,1.27,1.036,0.312,0.696
"576","Yes","Pre 2nd dose","FCtfh_CXCR3_fullResp",11,0.055,48.235,1,4.41,6.395,14.104,4.253,9.475
"577","Yes","Pre 2nd dose","FCtfh_CXCR3_Vax1",11,0.153,34.588,1.687,5.933,6.99,10.963,3.305,7.365
"578","Yes","Pre 2nd dose","FCtfh_CXCR3_Vax2",11,0.493,Inf,1.082,0.702,Inf,NA,NA,NA
"579","Yes","Pre 2nd dose","FCtfh_Vax1",11,0.481,5.464,1.075,0.794,1.672,1.487,0.448,0.999
"580","Yes","Pre 2nd dose","FCtfh_Vax2",11,0.236,1.735,0.922,0.697,1.047,0.48,0.145,0.323
"581","Yes","Pre 2nd dose","IC50_neutAb_log10",4,24,11960,4791.5,3610.25,5391.75,4933.689,2466.844,7850.6
"582","Yes","Pre 2nd dose","Live.CD16..CD14._FreqParent",11,48.7,93.3,77.6,5.75,75.964,10.961,3.305,7.364
"583","Yes","Pre 2nd dose","V1",12,-48,1,-12,15.25,-15.833,16.425,4.742,10.436
"584","Yes","Pre 2nd dose","V2",12,6,13,8,2,8.917,2.234,0.645,1.42
"585","Yes","Pre 2nd dose","V3",12,17,27,20.5,2.25,20.917,2.503,0.723,1.59
"586","Yes","Pre 2nd dose","V4",12,28,36,30,4.25,30.667,2.674,0.772,1.699
"587","Yes","Pre 2nd dose","V5",12,48,57,51,3.5,51,2.796,0.807,1.777
"588","Yes","Post 2nd dose","Age",13,24,60,43,13,42,9.747,2.703,5.89
"589","Yes","Post 2nd dose","binding_IgA_S1",10,1300.084,67561.393,17076.24,37525.271,24600.319,23231.871,7346.563,16619.079
"590","Yes","Post 2nd dose","binding_IgG_N",13,50,3086,175,298,423.846,814.888,226.009,492.432
"591","Yes","Post 2nd dose","binding_IgG_S1",13,266416.774,992758.25,362442.767,226119.495,493344.412,255308.904,70809.95,154281.627
"592","Yes","Post 2nd dose","CD19_.CD21lo_FreqParent",12,1.24,5.5,2.685,1.792,3.091,1.337,0.386,0.85
"593","Yes","Post 2nd dose","CD19_.CD27..CD38..CD138._FreqParent",12,7.69,44.9,24.4,14.025,24.049,10.436,3.013,6.631
"594","Yes","Post 2nd dose","CD19_.CD27..CD38._FreqParent",12,0.03,0.68,0.135,0.077,0.161,0.172,0.05,0.109
"595","Yes","Post 2nd dose","CD19_.IgD..CD71..ActivBCells_FreqParent",12,73,93.8,88.95,5.025,87.308,5.735,1.656,3.644
"596","Yes","Post 2nd dose","CD19_.IgD..CD71..CD20.CD38._FreqParent",12,0.77,6.56,2.715,1.892,3.096,1.881,0.543,1.195
"597","Yes","Post 2nd dose","CD19_.IgD..CD71._FreqParent",12,0.56,5.04,1.415,0.84,1.778,1.346,0.388,0.855
"598","Yes","Post 2nd dose","CD19_.Naive.B_FreqParent",12,19.6,42.7,30.7,12.15,31.325,8.056,2.326,5.119
"599","Yes","Post 2nd dose","CD19_.Nonnaive.B.Tbet..CD11C._FreqParent",12,0.81,5.08,1.84,1.198,2.178,1.283,0.37,0.815
"600","Yes","Post 2nd dose","CD19_.Nonnaive.B_FreqParent",12,48.7,75,63.65,14.325,62.2,8.941,2.581,5.681
"601","Yes","Post 2nd dose","CD19__FreqParent",12,3.15,20.6,9.74,7.577,11.511,5.211,1.504,3.311
"602","Yes","Post 2nd dose","CD3__FreqParent",12,39.5,76.8,64,10,63.325,11.95,3.45,7.593
"603","Yes","Post 2nd dose","CD4_.CD38.Ki67..Foxp3._FreqParent",12,12.6,35.2,23.8,5.5,23.358,5.796,1.673,3.682
"604","Yes","Post 2nd dose","CD4_.CD38.Ki67..GzmB..CD4_FreqParent",12,1.47,17.9,4.89,3.733,5.972,4.758,1.374,3.023
"605","Yes","Post 2nd dose","CD4_.CD38.Ki67._FreqParent",12,0.12,1.43,0.885,0.625,0.812,0.404,0.116,0.256
"606","Yes","Post 2nd dose","CD4_.HLADR.CD38._FreqParent",12,0.21,3.45,0.42,0.302,0.718,0.917,0.265,0.583
"607","Yes","Post 2nd dose","CD4_.Naive_FreqParent",12,5.01,25.9,17.2,9.1,15.533,6.687,1.93,4.248
"608","Yes","Post 2nd dose","CD4_.Nonnaive.cTfh.ICOS..CD38...CXCR3._FreqParent",12,1.25,45.1,26.15,15.775,24.029,12.82,3.701,8.146
"609","Yes","Post 2nd dose","CD4_.Nonnaive.cTfh.ICOS..CD38.._FreqParent",12,1.63,21.7,5.995,4.08,7.348,5.4,1.559,3.431
"610","Yes","Post 2nd dose","CD4_.Nonnaive.cTfh_FreqParent",12,2.44,12.1,9.605,3.885,8.572,3.165,0.914,2.011
"611","Yes","Post 2nd dose","CD4_.Nonnaive_FreqParent",12,54.6,90.7,76.05,14.6,74.392,11.267,3.253,7.159
"612","Yes","Post 2nd dose","CD4__FreqParent",12,41.9,80.1,61.35,16.5,61.433,10.784,3.113,6.852
"613","Yes","Post 2nd dose","CD8_.CD38.Ki67..GzmB..CD8_FreqParent",12,51.6,96,73.65,9.35,76.533,11.962,3.453,7.6
"614","Yes","Post 2nd dose","CD8_.CD38.Ki67._FreqParent",12,0.88,5.03,1.545,2.44,2.316,1.568,0.453,0.996
"615","Yes","Post 2nd dose","CD8_.HLADR.CD38._FreqParent",12,0.94,6.85,2.645,4.5,3.574,2.434,0.703,1.547
"616","Yes","Post 2nd dose","CD8_.Naive.CD8_FreqParent",12,3.55,40.1,19.05,12,20.837,10.622,3.066,6.749
"617","Yes","Post 2nd dose","CD8_.Nonnaive.CD8_FreqParent",12,57.4,96.2,77.4,12.125,76.625,11.197,3.232,7.114
"618","Yes","Post 2nd dose","CD8__FreqParent",12,12.9,42.1,23.9,5.2,25.408,8.292,2.394,5.269
"619","Yes","Post 2nd dose","CXCL13",9,12.5,63.7,22.6,12.6,25.567,15.393,5.131,11.832
"620","Yes","Post 2nd dose","DPO.covid",13,-357,-20,-281,15,-248.385,102.22,28.351,61.771
"621","Yes","Post 2nd dose","DPV",13,28,36,30,5,30.462,2.665,0.739,1.61
"622","Yes","Post 2nd dose","Elispot_IgA_RBD",8,0,5.93,0,0.75,1.116,2.21,0.781,1.848
"623","Yes","Post 2nd dose","Elispot_IgA_S1",8,0,8.89,0,1.482,1.852,3.52,1.245,2.943
"624","Yes","Post 2nd dose","Elispot_IgA_S2",8,0,2.96,0,0,0.37,1.047,0.37,0.875
"625","Yes","Post 2nd dose","Elispot_IgG_RBD",8,2.96,106.67,16.38,14.238,24.865,33.99,12.017,28.416
"626","Yes","Post 2nd dose","Elispot_IgG_S1",8,0,53.33,10.37,8.95,15.216,16.731,5.915,13.987
"627","Yes","Post 2nd dose","Elispot_IgG_S2",8,0,6,0,0.74,1.12,2.227,0.787,1.862
"628","Yes","Post 2nd dose","Elispot_IgM_RBD",8,0,2.96,0,0,0.37,1.047,0.37,0.875
"629","Yes","Post 2nd dose","Elispot_IgM_S1",8,0,2.96,0,0.74,0.74,1.37,0.484,1.146
"630","Yes","Post 2nd dose","Elispot_IgM_S2",8,0,2.96,0,0,0.37,1.047,0.37,0.875
"631","Yes","Post 2nd dose","FC_Elispot_IgG_S1",8,0,0.6,0.126,0.315,0.194,0.219,0.077,0.183
"632","Yes","Post 2nd dose","FC_IgG_S1_postVax1",13,0.697,806.255,53.934,103.703,151.037,241.285,66.92,145.807
"633","Yes","Post 2nd dose","FC_IgG_S1_postVax2",12,0.754,28.287,1.447,0.91,3.844,7.759,2.24,4.93
"634","Yes","Post 2nd dose","FCActivCD4_Vax1",11,0.168,183.956,0.718,1.012,17.5,55.212,16.647,37.092
"635","Yes","Post 2nd dose","FCActivCD4_Vax2",11,0.429,15.979,1.211,1.258,2.507,4.516,1.362,3.034
"636","Yes","Post 2nd dose","FCActivCD8_Vax1",11,0.148,188.945,1.711,2.859,19.617,56.239,16.957,37.782
"637","Yes","Post 2nd dose","FCActivCD8_Vax2",11,0.348,16.444,3.333,2.031,4.183,4.43,1.336,2.976
"638","Yes","Post 2nd dose","FCPB_Vax1",11,0.024,16.562,0.4,0.682,1.983,4.883,1.472,3.281
"639","Yes","Post 2nd dose","FCPB_Vax2",11,0.25,4.167,1.077,0.587,1.27,1.036,0.312,0.696
"640","Yes","Post 2nd dose","FCtfh_CXCR3_fullResp",11,0.055,48.235,1,4.41,6.395,14.104,4.253,9.475
"641","Yes","Post 2nd dose","FCtfh_CXCR3_Vax1",11,0.153,34.588,1.687,5.933,6.99,10.963,3.305,7.365
"642","Yes","Post 2nd dose","FCtfh_CXCR3_Vax2",11,0.493,Inf,1.082,0.702,Inf,NA,NA,NA
"643","Yes","Post 2nd dose","FCtfh_Vax1",11,0.481,5.464,1.075,0.794,1.672,1.487,0.448,0.999
"644","Yes","Post 2nd dose","FCtfh_Vax2",11,0.236,1.735,0.922,0.697,1.047,0.48,0.145,0.323
"645","Yes","Post 2nd dose","IC50_neutAb_log10",5,19,24241,8383,13522,11785,10003.3,4473.612,12420.737
"646","Yes","Post 2nd dose","Live.CD16..CD14._FreqParent",12,69.4,89.8,79.2,5.525,79.942,5.386,1.555,3.422
"647","Yes","Post 2nd dose","V1",13,-48,1,-9,16,-14.692,16.255,4.508,9.823
"648","Yes","Post 2nd dose","V2",13,6,13,8,2,8.769,2.204,0.611,1.332
"649","Yes","Post 2nd dose","V3",13,17,28,21,2,21.462,3.099,0.859,1.873
"650","Yes","Post 2nd dose","V4",13,28,56,30,4,32.615,7.478,2.074,4.519
"651","Yes","Post 2nd dose","V5",12,48,57,51,3.5,51,2.796,0.807,1.777
"652","Yes","One month post
2nd dose","Age",13,24,60,43,13,42,9.747,2.703,5.89
"653","Yes","One month post
2nd dose","Avidity",5,69.523,77.224,71.365,3.591,72.794,3.117,1.394,3.87
"654","Yes","One month post
2nd dose","binding_IgA_S1",6,4312.246,16339.189,10327.933,9743.759,10403.924,5448.535,2224.355,5717.887
"655","Yes","One month post
2nd dose","binding_IgG_S1",13,257605.081,2809008.369,399772.891,177017.527,677014.227,717082.342,198882.858,433328.522
"656","Yes","One month post
2nd dose","CD19_.CD21lo_FreqParent",12,0.9,6.35,2.6,2.315,2.665,1.655,0.478,1.051
"657","Yes","One month post
2nd dose","CD19_.CD27..CD38..CD138._FreqParent",12,0,32.3,24.35,11.075,21.517,9.083,2.622,5.771
"658","Yes","One month post
2nd dose","CD19_.CD27..CD38._FreqParent",12,0.041,0.39,0.13,0.084,0.158,0.099,0.029,0.063
"659","Yes","One month post
2nd dose","CD19_.IgD..CD71..ActivBCells_FreqParent",12,7.25,85.8,81.45,4.15,75.304,21.67,6.256,13.769
"660","Yes","One month post
2nd dose","CD19_.IgD..CD71..CD20.CD38._FreqParent",12,1.44,10.9,3.955,3.688,4.563,2.73,0.788,1.735
"661","Yes","One month post
2nd dose","CD19_.IgD..CD71._FreqParent",12,0.21,4.57,1.165,1.6,1.712,1.57,0.453,0.997
"662","Yes","One month post
2nd dose","CD19_.Naive.B_FreqParent",12,18.5,42.3,26.9,10.775,29.525,7.201,2.079,4.575
"663","Yes","One month post
2nd dose","CD19_.Nonnaive.B.Tbet..CD11C._FreqParent",12,0.57,3.84,1.375,2.268,2.013,1.286,0.371,0.817
"664","Yes","One month post
2nd dose","CD19_.Nonnaive.B_FreqParent",12,43.9,71.3,62.05,7.425,61.675,7.375,2.129,4.686
"665","Yes","One month post
2nd dose","CD19__FreqParent",12,7.38,24.4,11.55,4.582,12.987,4.75,1.371,3.018
"666","Yes","One month post
2nd dose","CD3__FreqParent",12,30.6,82.2,67.1,12.025,62.792,14.767,4.263,9.383
"667","Yes","One month post
2nd dose","CD4_.CD38.Ki67..Foxp3._FreqParent",12,18.8,41.5,31.75,6.725,31.758,6.827,1.971,4.338
"668","Yes","One month post
2nd dose","CD4_.CD38.Ki67..GzmB..CD4_FreqParent",12,0.76,23.7,3.2,2.845,5.944,7.095,2.048,4.508
"669","Yes","One month post
2nd dose","CD4_.CD38.Ki67._FreqParent",12,0.087,3.16,0.695,0.458,0.901,0.822,0.237,0.522
"670","Yes","One month post
2nd dose","CD4_.HLADR.CD38._FreqParent",12,0.38,3.09,0.86,0.615,1.159,0.777,0.224,0.494
"671","Yes","One month post
2nd dose","CD4_.Naive_FreqParent",12,5.28,26.8,17.8,12.305,16.232,7.347,2.121,4.668
"672","Yes","One month post
2nd dose","CD4_.Nonnaive.cTfh.ICOS..CD38...CXCR3._FreqParent",12,0,41.1,18.05,11.2,18.879,11.983,3.459,7.613
"673","Yes","One month post
2nd dose","CD4_.Nonnaive.cTfh.ICOS..CD38.._FreqParent",12,3.2,19.2,7.19,4.765,8.598,4.744,1.369,3.014
"674","Yes","One month post
2nd dose","CD4_.Nonnaive.cTfh_FreqParent",12,0.26,13.3,5.97,3.05,6.66,3.336,0.963,2.12
"675","Yes","One month post
2nd dose","CD4_.Nonnaive_FreqParent",12,60.3,88.9,74.95,18.45,75.85,10.375,2.995,6.592
"676","Yes","One month post
2nd dose","CD4__FreqParent",12,47.6,72,66.35,16.6,61.558,9.552,2.758,6.069
"677","Yes","One month post
2nd dose","CD8_.CD38.Ki67..GzmB..CD8_FreqParent",12,24.9,94.1,48.55,18.575,54.117,19.24,5.554,12.225
"678","Yes","One month post
2nd dose","CD8_.CD38.Ki67._FreqParent",12,0.041,3.95,0.395,0.685,0.855,1.086,0.314,0.69
"679","Yes","One month post
2nd dose","CD8_.HLADR.CD38._FreqParent",12,0.38,7.68,1.63,1.422,2.118,2.07,0.598,1.315
"680","Yes","One month post
2nd dose","CD8_.Naive.CD8_FreqParent",12,3.77,30.9,17.45,10.725,18.589,7.962,2.298,5.059
"681","Yes","One month post
2nd dose","CD8_.Nonnaive.CD8_FreqParent",12,65.9,96,80.1,10.575,78.875,8.947,2.583,5.685
"682","Yes","One month post
2nd dose","CD8__FreqParent",12,13.2,37.6,23.6,5.55,24.817,6.419,1.853,4.078
"683","Yes","One month post
2nd dose","DPO.covid",13,-357,-20,-281,15,-248.385,102.22,28.351,61.771
"684","Yes","One month post
2nd dose","DPV",13,48,57,51,4,51.385,3.015,0.836,1.822
"685","Yes","One month post
2nd dose","FC_Elispot_IgG_S1",8,0,0.6,0.126,0.315,0.194,0.219,0.077,0.183
"686","Yes","One month post
2nd dose","FC_IgG_S1_postVax1",13,0.697,806.255,53.934,103.703,151.037,241.285,66.92,145.807
"687","Yes","One month post
2nd dose","FC_IgG_S1_postVax2",12,0.754,28.287,1.447,0.91,3.844,7.759,2.24,4.93
"688","Yes","One month post
2nd dose","FCActivCD4_Vax1",11,0.168,183.956,0.718,1.012,17.5,55.212,16.647,37.092
"689","Yes","One month post
2nd dose","FCActivCD4_Vax2",11,0.429,15.979,1.211,1.258,2.507,4.516,1.362,3.034
"690","Yes","One month post
2nd dose","FCActivCD8_Vax1",11,0.148,188.945,1.711,2.859,19.617,56.239,16.957,37.782
"691","Yes","One month post
2nd dose","FCActivCD8_Vax2",11,0.348,16.444,3.333,2.031,4.183,4.43,1.336,2.976
"692","Yes","One month post
2nd dose","FCPB_Vax1",11,0.024,16.562,0.4,0.682,1.983,4.883,1.472,3.281
"693","Yes","One month post
2nd dose","FCPB_Vax2",11,0.25,4.167,1.077,0.587,1.27,1.036,0.312,0.696
"694","Yes","One month post
2nd dose","FCtfh_CXCR3_fullResp",11,0.055,48.235,1,4.41,6.395,14.104,4.253,9.475
"695","Yes","One month post
2nd dose","FCtfh_CXCR3_Vax1",11,0.153,34.588,1.687,5.933,6.99,10.963,3.305,7.365
"696","Yes","One month post
2nd dose","FCtfh_CXCR3_Vax2",11,0.493,Inf,1.082,0.702,Inf,NA,NA,NA
"697","Yes","One month post
2nd dose","FCtfh_Vax1",11,0.481,5.464,1.075,0.794,1.672,1.487,0.448,0.999
"698","Yes","One month post
2nd dose","FCtfh_Vax2",11,0.236,1.735,0.922,0.697,1.047,0.48,0.145,0.323
"699","Yes","One month post
2nd dose","IC50_neutAb_log10",4,5546,23572,9358,8180,11958.5,8195.811,4097.905,13041.364
"700","Yes","One month post
2nd dose","Live.CD16..CD14._FreqParent",12,49.9,87.6,78.85,6.7,77.575,9.538,2.753,6.06
"701","Yes","One month post
2nd dose","V1",13,-48,1,-9,16,-14.692,16.255,4.508,9.823
"702","Yes","One month post
2nd dose","V2",13,6,13,8,2,8.769,2.204,0.611,1.332
"703","Yes","One month post
2nd dose","V3",13,17,28,21,2,21.462,3.099,0.859,1.873
"704","Yes","One month post
2nd dose","V4",13,28,56,30,4,32.615,7.478,2.074,4.519
"705","Yes","One month post
2nd dose","V5",12,48,57,51,3.5,51,2.796,0.807,1.777
